Workbook

Sheet README
A1: Agentic AI Risk Tiering Prototype – MVP Blueprint & Synthetic Data Pack
A2: Aligned to: EU AI Act (Reg. (EU) 2024/1689, as amended by the Digital Omnibus on AI, Reg. (EU) 2026/1744) · NIST AI RMF 1.0 (+ AI 600-1 GenAI Profile) · ISO/IEC 42001:2023
A4: Sheet guide
A5: Dashboard – live KPIs computed from the synthetic data (tier mix, agent vs SME agreement, gaps, remediation, monitoring, backlog effort)
A6: MVP_Roadmap – 4 MVPs: objective, scope, agents, acceptance criteria, KPIs, HITL design, risks, exit criteria
A7: MVP_Backlog – 39 user stories with priority, effort points, acceptance criteria, agent and framework reference
A8: Agent_Catalog – 13 agents: purpose, inputs/outputs, tools, autonomy, human checkpoints, guardrails, eval metrics
A9: Tiering_Rules – ordered decision logic (R1–R12) and Annex III domain guide used by the rules engine + LLM agents
A10: Tier_Obligations – internal tier definitions, SLAs, review depth, and EU tier obligations / application dates
A11: Framework_Map – 24-requirement crosswalk: EU AI Act ↔ NIST AI RMF ↔ ISO/IEC 42001, with tier applicability and evidence
A12: Config – editable parameters (as-of date, weights, thresholds, tier tables) that drive formulas
A13: Syn_AI_Inventory – 30 synthetic AI systems (fictional 'Northwind Financial Group') with intake flags [feeds Intake/Discovery agents]
... A29: • Tiering is an assessment aid; final classification accountability stays with named humans (AI Governance + Legal).

Sheet Dashboard
A1: AI Risk Tiering Prototype – Dashboard (synthetic data)
A2: ="As-of date: "&TEXT(Config!B4,"yyyy-mm-dd")&" | All figures computed from Syn_* sheets" -> As-of date: 2026-09-28 | All figures computed from Syn_* sheets
A4: Headline KPI | B4: Value | C4: Definition
A5: Total AI systems in inventory | B5: =COUNTA(Syn_AI_Inventory!$A$5:$A$34) -> 30 | C5: Rows in Syn_AI_Inventory
A6: Average intake completeness | B6: =AVERAGE(Syn_AI_Inventory!$AA$5:$AA$34) -> 0.90133333 | C6: MVP-1 KPI (target ≥95%)
A7: Systems validated as Prohibited (T0) | B7: =COUNTIF(Syn_Tiering!$J$5:$J$34,"Prohibited (Art.5)") -> 3 | C7: SME-validated EU tier
A8: Systems validated as High-Risk (Annex I + III) | B8: =COUNTIF(Syn_Tiering!$J$5:$J$34,"High-Risk*") -> 8 | C8: Wildcard on 'High-Risk*'
A9: Agent–SME agreement | B9: =COUNTIF(Syn_Tiering!$M$5:$M$34,"Yes")/COUNTA(Syn_Tiering!$A$5:$A$34) -> 0.9 | C9: MVP-2 target ≥90%
A10: Rules-engine–SME agreement | B10: =COUNTIF(Syn_Tiering!$N$5:$N$34,"Yes")/COUNTA(Syn_Tiering!$A$5:$A$34) -> 0.96666667 | C10: Rules alone miss hidden indicators
A11: Prohibited recall – rules engine only | B11: =IFERROR(COUNTIFS(Syn_Tiering!$J$5:$J$34,"Prohibited (Art.5)",Syn_Tiering!$C$5:$C$34,"Prohibited (Art.5)")/COUNTIF(Syn_Tiering!$J$5:$J$34,"Prohibited (Art.5)"),"n/a") -> 0.66666667 | C11: Share of SME-confirmed prohibited caught
A12: Prohibited recall – agent (LLM + rules) | B12: =IFERROR(COUNTIFS(Syn_Tiering!$J$5:$J$34,"Prohibited (Art.5)",Syn_Tiering!$G$5:$G$34,"Prohibited (Art.5)")/COUNTIF(Syn_Tiering!$J$5:$J$34,"Prohibited (Art.5)"),"n/a") -> 1 | C12: MVP-2 target 100%
A13: Average agent confidence | B13: =AVERAGE(Syn_Tiering!$H$5:$H$34) -> 0.87133333 | C13: Synthetic
A14: Fast-track review share | B14: =COUNTIF(Syn_Tiering!$P$5:$P$34,"Fast-track*")/COUNTA(Syn_Tiering!$A$5:$A$34) -> 0.46666667 | C14: Agent = rules, confidence ≥ threshold, not T1
A15: Average compliance score (gap assessment) | B15: =AVERAGE(Syn_Gap_Assessment!$N$5:$N$134) -> 0.56153846 | C15: Implemented = 1, Partial = Config weight, else 0
A16: Open remediation actions | B16: =COUNTA(Syn_Remediation!$A$5:$A$61)-COUNTIF(Syn_Remediation!$N$5:$N$61,"Closed") -> 45 | C16: Status ≠ Closed
A17: Overdue remediation actions | B17: =COUNTIF(Syn_Remediation!$O$5:$O$61,"Overdue") -> 18 | C17: Due date before as-of date
A18: Re-tier triggers from monitoring | B18: =COUNTIF(Syn_Monitoring!$K$5:$K$30,"Yes") -> 16 | C18: Material change or High/Critical severity
A19: Potential serious incidents (Art.73) | B19: =COUNTIF(Syn_Monitoring!$L$5:$L$30,"Yes") -> 3 | C19: T0/T1 systems with critical events
A21: 1. EU AI Act tier distribution
A22: EU AI Act Tier | B22: Rules Engine | C22: Agent Suggested | D22: SME Validated | E22: % of Inventory (validated)
A23: =Config!A17 -> Prohibited (Art.5) | B23: =COUNTIF(Syn_Tiering!$C$5:$C$34,A23) -> 2 | C23: =COUNTIF(Syn_Tiering!$G$5:$G$34,A23) -> 3 | D23: =COUNTIF(Syn_Tiering!$J$5:$J$34,A23) -> 3 | E23: =D23/COUNTA(Syn_Tiering!$A$5:$A$34) -> 0.1
A24: =Config!A18 -> High-Risk (Annex I) | B24: =COUNTIF(Syn_Tiering!$C$5:$C$34,A24) -> 0 | C24: =COUNTIF(Syn_Tiering!$G$5:$G$34,A24) -> 0 | D24: =COUNTIF(Syn_Tiering!$J$5:$J$34,A24) -> 0 | E24: =D24/COUNTA(Syn_Tiering!$A$5:$A$34) -> 0
A25: =Config!A19 -> High-Risk (Annex III) | B25: =COUNTIF(Syn_Tiering!$C$5:$C$34,A25) -> 9 | C25: =COUNTIF(Syn_Tiering!$G$5:$G$34,A25) -> 9 | D25: =COUNTIF(Syn_Tiering!$J$5:$J$34,A25) -> 8 | E25: =D25/COUNTA(Syn_Tiering!$A$5:$A$34) -> 0.26666667
A26: =Config!A20 -> GPAI with Systemic Risk | B26: =COUNTIF(Syn_Tiering!$C$5:$C$34,A26) -> 0 | C26: =COUNTIF(Syn_Tiering!$G$5:$G$34,A26) -> 0 | D26: =COUNTIF(Syn_Tiering!$J$5:$J$34,A26) -> 0 | E26: =D26/COUNTA(Syn_Tiering!$A$5:$A$34) -> 0
A27: =Config!A21 -> GPAI | B27: =COUNTIF(Syn_Tiering!$C$5:$C$34,A27) -> 1 | C27: =COUNTIF(Syn_Tiering!$G$5:$G$34,A27) -> 1 | D27: =COUNTIF(Syn_Tiering!$J$5:$J$34,A27) -> 1 | E27: =D27/COUNTA(Syn_Tiering!$A$5:$A$34) -> 0.033333333
A28: =Config!A22 -> Limited Risk (Art.50) | B28: =COUNTIF(Syn_Tiering!$C$5:$C$34,A28) -> 7 | C28: =COUNTIF(Syn_Tiering!$G$5:$G$34,A28) -> 7 | D28: =COUNTIF(Syn_Tiering!$J$5:$J$34,A28) -> 7 | E28: =D28/COUNTA(Syn_Tiering!$A$5:$A$34) -> 0.23333333
A29: =Config!A23 -> Minimal Risk | B29: =COUNTIF(Syn_Tiering!$C$5:$C$34,A29) -> 10 | C29: =COUNTIF(Syn_Tiering!$G$5:$G$34,A29) -> 9 | D29: =COUNTIF(Syn_Tiering!$J$5:$J$34,A29) -> 10 | E29: =D29/COUNTA(Syn_Tiering!$A$5:$A$34) -> 0.33333333
A30: =Config!A24 -> Out of EU AI Act Scope | B30: =COUNTIF(Syn_Tiering!$C$5:$C$34,A30) -> 1 | C30: =COUNTIF(Syn_Tiering!$G$5:$G$34,A30) -> 1 | D30: =COUNTIF(Syn_Tiering!$J$5:$J$34,A30) -> 1 | E30: =D30/COUNTA(Syn_Tiering!$A$5:$A$34) -> 0.033333333
A31: Total | B31: =SUM(B23:B30) -> 30 | C31: =SUM(C23:C30) -> 30 | D31: =SUM(D23:D30) -> 30
A33: 2. Final validated internal AI Risk tiers
A34: Internal Tier | B34: # Systems | C34: % of Inventory | D34: Remediation SLA (days) | E34: Priority
A35: =Config!B28 -> T0 - Stop | B35: =COUNTIF(Syn_Tiering!$Q$5:$Q$34,A35) -> 3 | C35: =B35/COUNTA(Syn_Tiering!$A$5:$A$34) -> 0.1 | D35: =Tier_Obligations!D5 -> 7 | E35: =Tier_Obligations!C5 -> P0
A36: =Config!B29 -> T1 - Critical | B36: =COUNTIF(Syn_Tiering!$Q$5:$Q$34,A36) -> 11 | C36: =B36/COUNTA(Syn_Tiering!$A$5:$A$34) -> 0.36666667 | D36: =Tier_Obligations!D6 -> 30 | E36: =Tier_Obligations!C6 -> P1
A37: =Config!B30 -> T2 - Elevated | B37: =COUNTIF(Syn_Tiering!$Q$5:$Q$34,A37) -> 11 | C37: =B37/COUNTA(Syn_Tiering!$A$5:$A$34) -> 0.36666667 | D37: =Tier_Obligations!D7 -> 60 | E37: =Tier_Obligations!C7 -> P2
A38: =Config!B31 -> T3 - Standard | B38: =COUNTIF(Syn_Tiering!$Q$5:$Q$34,A38) -> 5 | C38: =B38/COUNTA(Syn_Tiering!$A$5:$A$34) -> 0.16666667 | D38: =Tier_Obligations!D8 -> 120 | E38: =Tier_Obligations!C8 -> P3
A40: 3. Business unit × internal tier
A41: Business Unit | B41: =Config!B28 -> T0 - Stop | C41: =Config!B29 -> T1 - Critical | D41: =Config!B30 -> T2 - Elevated | E41: =Config!B31 -> T3 - Standard | F41: Total
A42: Retail Banking | B42: =COUNTIFS(Syn_AI_Inventory!$D$5:$D$34,$A42,Syn_Tiering!$Q$5:$Q$34,B$41) -> 0 | C42: =COUNTIFS(Syn_AI_Inventory!$D$5:$D$34,$A42,Syn_Tiering!$Q$5:$Q$34,C$41) -> 3 | D42: =COUNTIFS(Syn_AI_Inventory!$D$5:$D$34,$A42,Syn_Tiering!$Q$5:$Q$34,D$41) -> 4 | E42: =COUNTIFS(Syn_AI_Inventory!$D$5:$D$34,$A42,Syn_Tiering!$Q$5:$Q$34,E$41) -> 0 | F42: =SUM(B42:E42) -> 7
A43: Insurance | B43: =COUNTIFS(Syn_AI_Inventory!$D$5:$D$34,$A43,Syn_Tiering!$Q$5:$Q$34,B$41) -> 0 | C43: =COUNTIFS(Syn_AI_Inventory!$D$5:$D$34,$A43,Syn_Tiering!$Q$5:$Q$34,C$41) -> 2 | D43: =COUNTIFS(Syn_AI_Inventory!$D$5:$D$34,$A43,Syn_Tiering!$Q$5:$Q$34,D$41) -> 1 | E43: =COUNTIFS(Syn_AI_Inventory!$D$5:$D$34,$A43,Syn_Tiering!$Q$5:$Q$34,E$41) -> 0 | F43: =SUM(B43:E43) -> 3
A44: Human Resources | B44: =COUNTIFS(Syn_AI_Inventory!$D$5:$D$34,$A44,Syn_Tiering!$Q$5:$Q$34,B$41) -> 1 | C44: =COUNTIFS(Syn_AI_Inventory!$D$5:$D$34,$A44,Syn_Tiering!$Q$5:$Q$34,C$41) -> 3 | D44: =COUNTIFS(Syn_AI_Inventory!$D$5:$D$34,$A44,Syn_Tiering!$Q$5:$Q$34,D$41) -> 2 | E44: =COUNTIFS(Syn_AI_Inventory!$D$5:$D$34,$A44,Syn_Tiering!$Q$5:$Q$34,E$41) -> 0 | F44: =SUM(B44:E44) -> 6
A45: Corporate & Markets | B45: =COUNTIFS(Syn_AI_Inventory!$D$5:$D$34,$A45,Syn_Tiering!$Q$5:$Q$34,B$41) -> 0 | C45: =COUNTIFS(Syn_AI_Inventory!$D$5:$D$34,$A45,Syn_Tiering!$Q$5:$Q$34,C$41) -> 1 | D45: =COUNTIFS(Syn_AI_Inventory!$D$5:$D$34,$A45,Syn_Tiering!$Q$5:$Q$34,D$41) -> 0 | E45: =COUNTIFS(Syn_AI_Inventory!$D$5:$D$34,$A45,Syn_Tiering!$Q$5:$Q$34,E$41) -> 1 | F45: =SUM(B45:E45) -> 2
A46: Risk & Compliance | B46: =COUNTIFS(Syn_AI_Inventory!$D$5:$D$34,$A46,Syn_Tiering!$Q$5:$Q$34,B$41) -> 0 | C46: =COUNTIFS(Syn_AI_Inventory!$D$5:$D$34,$A46,Syn_Tiering!$Q$5:$Q$34,C$41) -> 1 | D46: =COUNTIFS(Syn_AI_Inventory!$D$5:$D$34,$A46,Syn_Tiering!$Q$5:$Q$34,D$41) -> 0 | E46: =COUNTIFS(Syn_AI_Inventory!$D$5:$D$34,$A46,Syn_Tiering!$Q$5:$Q$34,E$41) -> 0 | F46: =SUM(B46:E46) -> 1
A47: Marketing & Digital | B47: =COUNTIFS(Syn_AI_Inventory!$D$5:$D$34,$A47,Syn_Tiering!$Q$5:$Q$34,B$41) -> 1 | C47: =COUNTIFS(Syn_AI_Inventory!$D$5:$D$34,$A47,Syn_Tiering!$Q$5:$Q$34,C$41) -> 0 | D47: =COUNTIFS(Syn_AI_Inventory!$D$5:$D$34,$A47,Syn_Tiering!$Q$5:$Q$34,D$41) -> 1 | E47: =COUNTIFS(Syn_AI_Inventory!$D$5:$D$34,$A47,Syn_Tiering!$Q$5:$Q$34,E$41) -> 1 | F47: =SUM(B47:E47) -> 3
A48: Operations | B48: =COUNTIFS(Syn_AI_Inventory!$D$5:$D$34,$A48,Syn_Tiering!$Q$5:$Q$34,B$41) -> 1 | C48: =COUNTIFS(Syn_AI_Inventory!$D$5:$D$34,$A48,Syn_Tiering!$Q$5:$Q$34,C$41) -> 1 | D48: =COUNTIFS(Syn_AI_Inventory!$D$5:$D$34,$A48,Syn_Tiering!$Q$5:$Q$34,D$41) -> 1 | E48: =COUNTIFS(Syn_AI_Inventory!$D$5:$D$34,$A48,Syn_Tiering!$Q$5:$Q$34,E$41) -> 1 | F48: =SUM(B48:E48) -> 4
A49: Technology | B49: =COUNTIFS(Syn_AI_Inventory!$D$5:$D$34,$A49,Syn_Tiering!$Q$5:$Q$34,B$41) -> 0 | C49: =COUNTIFS(Syn_AI_Inventory!$D$5:$D$34,$A49,Syn_Tiering!$Q$5:$Q$34,C$41) -> 0 | D49: =COUNTIFS(Syn_AI_Inventory!$D$5:$D$34,$A49,Syn_Tiering!$Q$5:$Q$34,D$41) -> 2 | E49: =COUNTIFS(Syn_AI_Inventory!$D$5:$D$34,$A49,Syn_Tiering!$Q$5:$Q$34,E$41) -> 2 | F49: =SUM(B49:E49) -> 4
A50: Total | B50: =SUM(B42:B49) -> 3 | C50: =SUM(C42:C49) -> 11 | D50: =SUM(D42:D49) -> 11 | E50: =SUM(E42:E49) -> 5 | F50: =SUM(F42:F49) -> 30
A52: 4. Gap assessment status by internal tier
A53: Internal Tier | B53: # Assessments | C53: Implemented | D53: Partially Implemented | E53: Not Implemented | F53: Not Assessed | G53: Compliance Score
A54: =Config!B28 -> T0 - Stop | B54: =COUNTIF(Syn_Gap_Assessment!$D$5:$D$134,A54) -> 6 | C54: =COUNTIFS(Syn_Gap_Assessment!$D$5:$D$134,$A54,Syn_Gap_Assessment!$J$5:$J$134,"Implemented") -> 2 | D54: =COUNTIFS(Syn_Gap_Assessment!$D$5:$D$134,$A54,Syn_Gap_Assessment!$J$5:$J$134,"Partially Implemented") -> 2 | E54: =COUNTIFS(Syn_Gap_Assessment!$D$5:$D$134,$A54,Syn_Gap_Assessment!$J$5:$J$134,"Not Implemented") -> 1 | F54: =COUNTIFS(Syn_Gap_Assessment!$D$5:$D$134,$A54,Syn_Gap_Assessment!$J$5:$J$134,"Not Assessed") -> 1 | G54: =IFERROR(SUMIFS(Syn_Gap_Assessment!$N$5:$N$134,Syn_Gap_Assessment!$D$5:$D$134,A54)/B54,"n/a") -> 0.5
A55: =Config!B29 -> T1 - Critical | B55: =COUNTIF(Syn_Gap_Assessment!$D$5:$D$134,A55) -> 76 | C55: =COUNTIFS(Syn_Gap_Assessment!$D$5:$D$134,$A55,Syn_Gap_Assessment!$J$5:$J$134,"Implemented") -> 29 | D55: =COUNTIFS(Syn_Gap_Assessment!$D$5:$D$134,$A55,Syn_Gap_Assessment!$J$5:$J$134,"Partially Implemented") -> 25 | E55: =COUNTIFS(Syn_Gap_Assessment!$D$5:$D$134,$A55,Syn_Gap_Assessment!$J$5:$J$134,"Not Implemented") -> 19 | F55: =COUNTIFS(Syn_Gap_Assessment!$D$5:$D$134,$A55,Syn_Gap_Assessment!$J$5:$J$134,"Not Assessed") -> 3 | G55: =IFERROR(SUMIFS(Syn_Gap_Assessment!$N$5:$N$134,Syn_Gap_Assessment!$D$5:$D$134,A55)/B55,"n/a") -> 0.54605263
A56: =Config!B30 -> T2 - Elevated | B56: =COUNTIF(Syn_Gap_Assessment!$D$5:$D$134,A56) -> 38 | C56: =COUNTIFS(Syn_Gap_Assessment!$D$5:$D$134,$A56,Syn_Gap_Assessment!$J$5:$J$134,"Implemented") -> 20 | D56: =COUNTIFS(Syn_Gap_Assessment!$D$5:$D$134,$A56,Syn_Gap_Assessment!$J$5:$J$134,"Partially Implemented") -> 8 | E56: =COUNTIFS(Syn_Gap_Assessment!$D$5:$D$134,$A56,Syn_Gap_Assessment!$J$5:$J$134,"Not Implemented") -> 8 | F56: =COUNTIFS(Syn_Gap_Assessment!$D$5:$D$134,$A56,Syn_Gap_Assessment!$J$5:$J$134,"Not Assessed") -> 2 | G56: =IFERROR(SUMIFS(Syn_Gap_Assessment!$N$5:$N$134,Syn_Gap_Assessment!$D$5:$D$134,A56)/B56,"n/a") -> 0.63157895
A57: =Config!B31 -> T3 - Standard | B57: =COUNTIF(Syn_Gap_Assessment!$D$5:$D$134,A57) -> 10 | C57: =COUNTIFS(Syn_Gap_Assessment!$D$5:$D$134,$A57,Syn_Gap_Assessment!$J$5:$J$134,"Implemented") -> 3 | D57: =COUNTIFS(Syn_Gap_Assessment!$D$5:$D$134,$A57,Syn_Gap_Assessment!$J$5:$J$134,"Partially Implemented") -> 3 | E57: =COUNTIFS(Syn_Gap_Assessment!$D$5:$D$134,$A57,Syn_Gap_Assessment!$J$5:$J$134,"Not Implemented") -> 4 | F57: =COUNTIFS(Syn_Gap_Assessment!$D$5:$D$134,$A57,Syn_Gap_Assessment!$J$5:$J$134,"Not Assessed") -> 0 | G57: =IFERROR(SUMIFS(Syn_Gap_Assessment!$N$5:$N$134,Syn_Gap_Assessment!$D$5:$D$134,A57)/B57,"n/a") -> 0.45
A59: 5. Backlog effort by MVP
A60: MVP | B60: # Stories | C60: Effort (pts) | D60: # Must-have | E60: Indicative Duration
A61: MVP-1 | B61: =COUNTIF(MVP_Backlog!$B$5:$B$43,A61) -> 8 | C61: =SUMIF(MVP_Backlog!$B$5:$B$43,A61,MVP_Backlog!$F$5:$F$43) -> 42 | D61: =COUNTIFS(MVP_Backlog!$B$5:$B$43,A61,MVP_Backlog!$E$5:$E$43,"Must") -> 7 | E61: 4–6 weeks
A62: MVP-2 | B62: =COUNTIF(MVP_Backlog!$B$5:$B$43,A62) -> 11 | C62: =SUMIF(MVP_Backlog!$B$5:$B$43,A62,MVP_Backlog!$F$5:$F$43) -> 71 | D62: =COUNTIFS(MVP_Backlog!$B$5:$B$43,A62,MVP_Backlog!$E$5:$E$43,"Must") -> 8 | E62: 6–8 weeks
A63: MVP-3 | B63: =COUNTIF(MVP_Backlog!$B$5:$B$43,A63) -> 10 | C63: =SUMIF(MVP_Backlog!$B$5:$B$43,A63,MVP_Backlog!$F$5:$F$43) -> 70 | D63: =COUNTIFS(MVP_Backlog!$B$5:$B$43,A63,MVP_Backlog!$E$5:$E$43,"Must") -> 5 | E63: 8–10 weeks
A64: MVP-4 | B64: =COUNTIF(MVP_Backlog!$B$5:$B$43,A64) -> 10 | C64: =SUMIF(MVP_Backlog!$B$5:$B$43,A64,MVP_Backlog!$F$5:$F$43) -> 65 | D64: =COUNTIFS(MVP_Backlog!$B$5:$B$43,A64,MVP_Backlog!$E$5:$E$43,"Must") -> 6 | E64: 8–10 weeks
A65: Total | B65: =SUM(B61:B64) -> 39 | C65: =SUM(C61:C64) -> 248 | D65: =SUM(D61:D64) -> 26

Sheet AI_System_Register
A1: AI System Register – Classify Many Systems
A2: Fill in columns A–N (yellow). Columns O–Q are computed. Rows marked EXAMPLE are sample data - replace or delete.
A4: System ID | B4: System Name | C4: Description | D4: Owner | E4: Business Unit | F4: EU Nexus (Y/N) | G4: Art.5 Flag (Y/N) | H4: Annex I Safety Component (Y/N) | I4: Annex III Domain | J4: Profiling of Persons (Y/N) | K4: Art.6(3) Derogation Claimed (Y/N/N.A.) | L4: GPAI Model Provided (Y/N) | M4: Training Compute (FLOP) | N4: Interacts/Synthetic/Emotion Trigger (Y/N) | O4: EU AI Act Tier (computed) | P4: Internal Tier (computed) | Q4: Rationale (computed) | R4: Reviewed By | S4: Review Date | T4: Legal Sign-off (Y/N)
A5: AI-001 (EXAMPLE) | B5: Résumé Screening Tool | C5: Ranks and filters job applicants using résumé text | D5: A. Novak | E5: Human Resources | F5: Y | G5: N | H5: N | I5: Employment | J5: Y | K5: N | L5: N | N5: N | O5: =IF(A5="","",IF(F5="N","Out of EU AI Act Scope",IF(G5="Y","Prohibited (Art.5)",IF(H5="Y","High-Risk (Annex I)",IF(AND(I5<>"None",OR(J5="Y",K5="N")),"High-Risk (Annex III)",IF(L5="Y",IF(N(M5)>=[1]Config!$B$5,"GPAI with Systemic Risk","GPAI"),IF(N5="Y","Limited Risk (Art.50)","Minimal Risk"))))))) -> High-Risk (Annex III) | P5: =IF(O5="","",INDEX([1]Decision_Logic!$A$18:$A$21,MATCH(INDEX([1]Config!$B$9:$B$16,MATCH(O5,[1]Config!$A$9:$A$16,0)),{0;1;2;3},0))) -> T1 – Critical | Q5: =IF(A5="","",IF(F5="N","No EU nexus declared (Art.2).",IF(G5="Y","Art.5 prohibited practice indicated (Art.5) – escalate to Legal.",IF(H5="Y","Annex I safety component requiring conformity assessment (Art.6(1)).",IF(AND(I5<>"None",OR(J5="Y",K5="N")),"Annex III domain ('"&I5&"') with profiling and/or no valid derogation (Art.6(2)-(4)).",IF(L5="Y",IF(N(M5)>=[1]Config!$B$5,"GPAI above systemic-risk compute threshold (Art.51(2),55).","GPAI below systemic-risk threshold (Art.51-53)."),IF(N5="Y","Direct interaction / synthetic content / emotion or biometric trigger (Art.50).","No triggers identified."))))))) -> Annex III domain ('Employment') with profiling and/or no valid derogation (Art.6(2)-(4)).
A6: AI-002 (EXAMPLE) | B6: Customer Service Chatbot | C6: LLM assistant answering customer questions on the website | D6: C. Lindqvist | E6: Retail Banking | F6: Y | G6: N | H6: N | I6: None | J6: N | K6: N.A. | L6: N | N6: Y | O6: =IF(A6="","",IF(F6="N","Out of EU AI Act Scope",IF(G6="Y","Prohibited (Art.5)",IF(H6="Y","High-Risk (Annex I)",IF(AND(I6<>"None",OR(J6="Y",K6="N")),"High-Risk (Annex III)",IF(L6="Y",IF(N(M6)>=[1]Config!$B$5,"GPAI with Systemic Risk","GPAI"),IF(N6="Y","Limited Risk (Art.50)","Minimal Risk"))))))) -> Limited Risk (Art.50) | P6: =IF(O6="","",INDEX([1]Decision_Logic!$A$18:$A$21,MATCH(INDEX([1]Config!$B$9:$B$16,MATCH(O6,[1]Config!$A$9:$A$16,0)),{0;1;2;3},0))) -> T2 – Elevated | Q6: =IF(A6="","",IF(F6="N","No EU nexus declared (Art.2).",IF(G6="Y","Art.5 prohibited practice indicated (Art.5) – escalate to Legal.",IF(H6="Y","Annex I safety component requiring conformity assessment (Art.6(1)).",IF(AND(I6<>"None",OR(J6="Y",K6="N")),"Annex III domain ('"&I6&"') with profiling and/or no valid derogation (Art.6(2)-(4)).",IF(L6="Y",IF(N(M6)>=[1]Config!$B$5,"GPAI above systemic-risk compute threshold (Art.51(2),55).","GPAI below systemic-risk threshold (Art.51-53)."),IF(N6="Y","Direct interaction / synthetic content / emotion or biometric trigger (Art.50).","No triggers identified."))))))) -> Direct interaction / synthetic content / emotion or biometric trigger (Art.50).
A7: AI-003 (EXAMPLE) | B7: Card Fraud Detection Engine | C7: Real-time card transaction fraud scoring | D7: D. Okoye | E7: Retail Banking | F7: Y | G7: N | H7: N | I7: None | J7: N | K7: N.A. | L7: N | N7: N | O7: =IF(A7="","",IF(F7="N","Out of EU AI Act Scope",IF(G7="Y","Prohibited (Art.5)",IF(H7="Y","High-Risk (Annex I)",IF(AND(I7<>"None",OR(J7="Y",K7="N")),"High-Risk (Annex III)",IF(L7="Y",IF(N(M7)>=[1]Config!$B$5,"GPAI with Systemic Risk","GPAI"),IF(N7="Y","Limited Risk (Art.50)","Minimal Risk"))))))) -> Minimal Risk | P7: =IF(O7="","",INDEX([1]Decision_Logic!$A$18:$A$21,MATCH(INDEX([1]Config!$B$9:$B$16,MATCH(O7,[1]Config!$A$9:$A$16,0)),{0;1;2;3},0))) -> T3 – Standard | Q7: =IF(A7="","",IF(F7="N","No EU nexus declared (Art.2).",IF(G7="Y","Art.5 prohibited practice indicated (Art.5) – escalate to Legal.",IF(H7="Y","Annex I safety component requiring conformity assessment (Art.6(1)).",IF(AND(I7<>"None",OR(J7="Y",K7="N")),"Annex III domain ('"&I7&"') with profiling and/or no valid derogation (Art.6(2)-(4)).",IF(L7="Y",IF(N(M7)>=[1]Config!$B$5,"GPAI above systemic-risk compute threshold (Art.51(2),55).","GPAI below systemic-risk threshold (Art.51-53)."),IF(N7="Y","Direct interaction / synthetic content / emotion or biometric trigger (Art.50).","No triggers identified."))))))) -> No triggers identified.
O8: =IF(A8="","",IF(F8="N","Out of EU AI Act Scope",IF(G8="Y","Prohibited (Art.5)",IF(H8="Y","High-Risk (Annex I)",IF(AND(I8<>"None",OR(J8="Y",K8="N")),"High-Risk (Annex III)",IF(L8="Y",IF(N(M8)>=[1]Config!$B$5,"GPAI with Systemic Risk","GPAI"),IF(N8="Y","Limited Risk (Art.50)","Minimal Risk"))))))) | P8: =IF(O8="","",INDEX([1]Decision_Logic!$A$18:$A$21,MATCH(INDEX([1]Config!$B$9:$B$16,MATCH(O8,[1]Config!$A$9:$A$16,0)),{0;1;2;3},0))) | Q8: =IF(A8="","",IF(F8="N","No EU nexus declared (Art.2).",IF(G8="Y","Art.5 prohibited practice indicated (Art.5) – escalate to Legal.",IF(H8="Y","Annex I safety component requiring conformity assessment (Art.6(1)).",IF(AND(I8<>"None",OR(J8="Y",K8="N")),"Annex III domain ('"&I8&"') with profiling and/or no valid derogation (Art.6(2)-(4)).",IF(L8="Y",IF(N(M8)>=[1]Config!$B$5,"GPAI above systemic-risk compute threshold (Art.51(2),55).","GPAI below systemic-risk threshold (Art.51-53)."),IF(N8="Y","Direct interaction / synthetic content / emotion or biometric trigger (Art.50).","No triggers identified.")))))))
O9: =IF(A9="","",IF(F9="N","Out of EU AI Act Scope",IF(G9="Y","Prohibited (Art.5)",IF(H9="Y","High-Risk (Annex I)",IF(AND(I9<>"None",OR(J9="Y",K9="N")),"High-Risk (Annex III)",IF(L9="Y",IF(N(M9)>=[1]Config!$B$5,"GPAI with Systemic Risk","GPAI"),IF(N9="Y","Limited Risk (Art.50)","Minimal Risk"))))))) | P9: =IF(O9="","",INDEX([1]Decision_Logic!$A$18:$A$21,MATCH(INDEX([1]Config!$B$9:$B$16,MATCH(O9,[1]Config!$A$9:$A$16,0)),{0;1;2;3},0))) | Q9: =IF(A9="","",IF(F9="N","No EU nexus declared (Art.2).",IF(G9="Y","Art.5 prohibited practice indicated (Art.5) – escalate to Legal.",IF(H9="Y","Annex I safety component requiring conformity assessment (Art.6(1)).",IF(AND(I9<>"None",OR(J9="Y",K9="N")),"Annex III domain ('"&I9&"') with profiling and/or no valid derogation (Art.6(2)-(4)).",IF(L9="Y",IF(N(M9)>=[1]Config!$B$5,"GPAI above systemic-risk compute threshold (Art.51(2),55).","GPAI below systemic-risk threshold (Art.51-53)."),IF(N9="Y","Direct interaction / synthetic content / emotion or biometric trigger (Art.50).","No triggers identified.")))))))
O10: =IF(A10="","",IF(F10="N","Out of EU AI Act Scope",IF(G10="Y","Prohibited (Art.5)",IF(H10="Y","High-Risk (Annex I)",IF(AND(I10<>"None",OR(J10="Y",K10="N")),"High-Risk (Annex III)",IF(L10="Y",IF(N(M10)>=[1]Config!$B$5,"GPAI with Systemic Risk","GPAI"),IF(N10="Y","Limited Risk (Art.50)","Minimal Risk"))))))) | P10: =IF(O10="","",INDEX([1]Decision_Logic!$A$18:$A$21,MATCH(INDEX([1]Config!$B$9:$B$16,MATCH(O10,[1]Config!$A$9:$A$16,0)),{0;1;2;3},0))) | Q10: =IF(A10="","",IF(F10="N","No EU nexus declared (Art.2).",IF(G10="Y","Art.5 prohibited practice indicated (Art.5) – escalate to Legal.",IF(H10="Y","Annex I safety component requiring conformity assessment (Art.6(1)).",IF(AND(I10<>"None",OR(J10="Y",K10="N")),"Annex III domain ('"&I10&"') with profiling and/or no valid derogation (Art.6(2)-(4)).",IF(L10="Y",IF(N(M10)>=[1]Config!$B$5,"GPAI above systemic-risk compute threshold (Art.51(2),55).","GPAI below systemic-risk threshold (Art.51-53)."),IF(N10="Y","Direct interaction / synthetic content / emotion or biometric trigger (Art.50).","No triggers identified.")))))))
O11: =IF(A11="","",IF(F11="N","Out of EU AI Act Scope",IF(G11="Y","Prohibited (Art.5)",IF(H11="Y","High-Risk (Annex I)",IF(AND(I11<>"None",OR(J11="Y",K11="N")),"High-Risk (Annex III)",IF(L11="Y",IF(N(M11)>=[1]Config!$B$5,"GPAI with Systemic Risk","GPAI"),IF(N11="Y","Limited Risk (Art.50)","Minimal Risk"))))))) | P11: =IF(O11="","",INDEX([1]Decision_Logic!$A$18:$A$21,MATCH(INDEX([1]Config!$B$9:$B$16,MATCH(O11,[1]Config!$A$9:$A$16,0)),{0;1;2;3},0))) | Q11: =IF(A11="","",IF(F11="N","No EU nexus declared (Art.2).",IF(G11="Y","Art.5 prohibited practice indicated (Art.5) – escalate to Legal.",IF(H11="Y","Annex I safety component requiring conformity assessment (Art.6(1)).",IF(AND(I11<>"None",OR(J11="Y",K11="N")),"Annex III domain ('"&I11&"') with profiling and/or no valid derogation (Art.6(2)-(4)).",IF(L11="Y",IF(N(M11)>=[1]Config!$B$5,"GPAI above systemic-risk compute threshold (Art.51(2),55).","GPAI below systemic-risk threshold (Art.51-53)."),IF(N11="Y","Direct interaction / synthetic content / emotion or biometric trigger (Art.50).","No triggers identified.")))))))
O12: =IF(A12="","",IF(F12="N","Out of EU AI Act Scope",IF(G12="Y","Prohibited (Art.5)",IF(H12="Y","High-Risk (Annex I)",IF(AND(I12<>"None",OR(J12="Y",K12="N")),"High-Risk (Annex III)",IF(L12="Y",IF(N(M12)>=[1]Config!$B$5,"GPAI with Systemic Risk","GPAI"),IF(N12="Y","Limited Risk (Art.50)","Minimal Risk"))))))) | P12: =IF(O12="","",INDEX([1]Decision_Logic!$A$18:$A$21,MATCH(INDEX([1]Config!$B$9:$B$16,MATCH(O12,[1]Config!$A$9:$A$16,0)),{0;1;2;3},0))) | Q12: =IF(A12="","",IF(F12="N","No EU nexus declared (Art.2).",IF(G12="Y","Art.5 prohibited practice indicated (Art.5) – escalate to Legal.",IF(H12="Y","Annex I safety component requiring conformity assessment (Art.6(1)).",IF(AND(I12<>"None",OR(J12="Y",K12="N")),"Annex III domain ('"&I12&"') with profiling and/or no valid derogation (Art.6(2)-(4)).",IF(L12="Y",IF(N(M12)>=[1]Config!$B$5,"GPAI above systemic-risk compute threshold (Art.51(2),55).","GPAI below systemic-risk threshold (Art.51-53)."),IF(N12="Y","Direct interaction / synthetic content / emotion or biometric trigger (Art.50).","No triggers identified.")))))))
O13: =IF(A13="","",IF(F13="N","Out of EU AI Act Scope",IF(G13="Y","Prohibited (Art.5)",IF(H13="Y","High-Risk (Annex I)",IF(AND(I13<>"None",OR(J13="Y",K13="N")),"High-Risk (Annex III)",IF(L13="Y",IF(N(M13)>=[1]Config!$B$5,"GPAI with Systemic Risk","GPAI"),IF(N13="Y","Limited Risk (Art.50)","Minimal Risk"))))))) | P13: =IF(O13="","",INDEX([1]Decision_Logic!$A$18:$A$21,MATCH(INDEX([1]Config!$B$9:$B$16,MATCH(O13,[1]Config!$A$9:$A$16,0)),{0;1;2;3},0))) | Q13: =IF(A13="","",IF(F13="N","No EU nexus declared (Art.2).",IF(G13="Y","Art.5 prohibited practice indicated (Art.5) – escalate to Legal.",IF(H13="Y","Annex I safety component requiring conformity assessment (Art.6(1)).",IF(AND(I13<>"None",OR(J13="Y",K13="N")),"Annex III domain ('"&I13&"') with profiling and/or no valid derogation (Art.6(2)-(4)).",IF(L13="Y",IF(N(M13)>=[1]Config!$B$5,"GPAI above systemic-risk compute threshold (Art.51(2),55).","GPAI below systemic-risk threshold (Art.51-53)."),IF(N13="Y","Direct interaction / synthetic content / emotion or biometric trigger (Art.50).","No triggers identified.")))))))
O14: =IF(A14="","",IF(F14="N","Out of EU AI Act Scope",IF(G14="Y","Prohibited (Art.5)",IF(H14="Y","High-Risk (Annex I)",IF(AND(I14<>"None",OR(J14="Y",K14="N")),"High-Risk (Annex III)",IF(L14="Y",IF(N(M14)>=[1]Config!$B$5,"GPAI with Systemic Risk","GPAI"),IF(N14="Y","Limited Risk (Art.50)","Minimal Risk"))))))) | P14: =IF(O14="","",INDEX([1]Decision_Logic!$A$18:$A$21,MATCH(INDEX([1]Config!$B$9:$B$16,MATCH(O14,[1]Config!$A$9:$A$16,0)),{0;1;2;3},0))) | Q14: =IF(A14="","",IF(F14="N","No EU nexus declared (Art.2).",IF(G14="Y","Art.5 prohibited practice indicated (Art.5) – escalate to Legal.",IF(H14="Y","Annex I safety component requiring conformity assessment (Art.6(1)).",IF(AND(I14<>"None",OR(J14="Y",K14="N")),"Annex III domain ('"&I14&"') with profiling and/or no valid derogation (Art.6(2)-(4)).",IF(L14="Y",IF(N(M14)>=[1]Config!$B$5,"GPAI above systemic-risk compute threshold (Art.51(2),55).","GPAI below systemic-risk threshold (Art.51-53)."),IF(N14="Y","Direct interaction / synthetic content / emotion or biometric trigger (Art.50).","No triggers identified.")))))))
O15: =IF(A15="","",IF(F15="N","Out of EU AI Act Scope",IF(G15="Y","Prohibited (Art.5)",IF(H15="Y","High-Risk (Annex I)",IF(AND(I15<>"None",OR(J15="Y",K15="N")),"High-Risk (Annex III)",IF(L15="Y",IF(N(M15)>=[1]Config!$B$5,"GPAI with Systemic Risk","GPAI"),IF(N15="Y","Limited Risk (Art.50)","Minimal Risk"))))))) | P15: =IF(O15="","",INDEX([1]Decision_Logic!$A$18:$A$21,MATCH(INDEX([1]Config!$B$9:$B$16,MATCH(O15,[1]Config!$A$9:$A$16,0)),{0;1;2;3},0))) | Q15: =IF(A15="","",IF(F15="N","No EU nexus declared (Art.2).",IF(G15="Y","Art.5 prohibited practice indicated (Art.5) – escalate to Legal.",IF(H15="Y","Annex I safety component requiring conformity assessment (Art.6(1)).",IF(AND(I15<>"None",OR(J15="Y",K15="N")),"Annex III domain ('"&I15&"') with profiling and/or no valid derogation (Art.6(2)-(4)).",IF(L15="Y",IF(N(M15)>=[1]Config!$B$5,"GPAI above systemic-risk compute threshold (Art.51(2),55).","GPAI below systemic-risk threshold (Art.51-53)."),IF(N15="Y","Direct interaction / synthetic content / emotion or biometric trigger (Art.50).","No triggers identified.")))))))
O16: =IF(A16="","",IF(F16="N","Out of EU AI Act Scope",IF(G16="Y","Prohibited (Art.5)",IF(H16="Y","High-Risk (Annex I)",IF(AND(I16<>"None",OR(J16="Y",K16="N")),"High-Risk (Annex III)",IF(L16="Y",IF(N(M16)>=[1]Config!$B$5,"GPAI with Systemic Risk","GPAI"),IF(N16="Y","Limited Risk (Art.50)","Minimal Risk"))))))) | P16: =IF(O16="","",INDEX([1]Decision_Logic!$A$18:$A$21,MATCH(INDEX([1]Config!$B$9:$B$16,MATCH(O16,[1]Config!$A$9:$A$16,0)),{0;1;2;3},0))) | Q16: =IF(A16="","",IF(F16="N","No EU nexus declared (Art.2).",IF(G16="Y","Art.5 prohibited practice indicated (Art.5) – escalate to Legal.",IF(H16="Y","Annex I safety component requiring conformity assessment (Art.6(1)).",IF(AND(I16<>"None",OR(J16="Y",K16="N")),"Annex III domain ('"&I16&"') with profiling and/or no valid derogation (Art.6(2)-(4)).",IF(L16="Y",IF(N(M16)>=[1]Config!$B$5,"GPAI above systemic-risk compute threshold (Art.51(2),55).","GPAI below systemic-risk threshold (Art.51-53)."),IF(N16="Y","Direct interaction / synthetic content / emotion or biometric trigger (Art.50).","No triggers identified.")))))))
O17: =IF(A17="","",IF(F17="N","Out of EU AI Act Scope",IF(G17="Y","Prohibited (Art.5)",IF(H17="Y","High-Risk (Annex I)",IF(AND(I17<>"None",OR(J17="Y",K17="N")),"High-Risk (Annex III)",IF(L17="Y",IF(N(M17)>=[1]Config!$B$5,"GPAI with Systemic Risk","GPAI"),IF(N17="Y","Limited Risk (Art.50)","Minimal Risk"))))))) | P17: =IF(O17="","",INDEX([1]Decision_Logic!$A$18:$A$21,MATCH(INDEX([1]Config!$B$9:$B$16,MATCH(O17,[1]Config!$A$9:$A$16,0)),{0;1;2;3},0))) | Q17: =IF(A17="","",IF(F17="N","No EU nexus declared (Art.2).",IF(G17="Y","Art.5 prohibited practice indicated (Art.5) – escalate to Legal.",IF(H17="Y","Annex I safety component requiring conformity assessment (Art.6(1)).",IF(AND(I17<>"None",OR(J17="Y",K17="N")),"Annex III domain ('"&I17&"') with profiling and/or no valid derogation (Art.6(2)-(4)).",IF(L17="Y",IF(N(M17)>=[1]Config!$B$5,"GPAI above systemic-risk compute threshold (Art.51(2),55).","GPAI below systemic-risk threshold (Art.51-53)."),IF(N17="Y","Direct interaction / synthetic content / emotion or biometric trigger (Art.50).","No triggers identified.")))))))
O18: =IF(A18="","",IF(F18="N","Out of EU AI Act Scope",IF(G18="Y","Prohibited (Art.5)",IF(H18="Y","High-Risk (Annex I)",IF(AND(I18<>"None",OR(J18="Y",K18="N")),"High-Risk (Annex III)",IF(L18="Y",IF(N(M18)>=[1]Config!$B$5,"GPAI with Systemic Risk","GPAI"),IF(N18="Y","Limited Risk (Art.50)","Minimal Risk"))))))) | P18: =IF(O18="","",INDEX([1]Decision_Logic!$A$18:$A$21,MATCH(INDEX([1]Config!$B$9:$B$16,MATCH(O18,[1]Config!$A$9:$A$16,0)),{0;1;2;3},0))) | Q18: =IF(A18="","",IF(F18="N","No EU nexus declared (Art.2).",IF(G18="Y","Art.5 prohibited practice indicated (Art.5) – escalate to Legal.",IF(H18="Y","Annex I safety component requiring conformity assessment (Art.6(1)).",IF(AND(I18<>"None",OR(J18="Y",K18="N")),"Annex III domain ('"&I18&"') with profiling and/or no valid derogation (Art.6(2)-(4)).",IF(L18="Y",IF(N(M18)>=[1]Config!$B$5,"GPAI above systemic-risk compute threshold (Art.51(2),55).","GPAI below systemic-risk threshold (Art.51-53)."),IF(N18="Y","Direct interaction / synthetic content / emotion or biometric trigger (Art.50).","No triggers identified.")))))))
O19: =IF(A19="","",IF(F19="N","Out of EU AI Act Scope",IF(G19="Y","Prohibited (Art.5)",IF(H19="Y","High-Risk (Annex I)",IF(AND(I19<>"None",OR(J19="Y",K19="N")),"High-Risk (Annex III)",IF(L19="Y",IF(N(M19)>=[1]Config!$B$5,"GPAI with Systemic Risk","GPAI"),IF(N19="Y","Limited Risk (Art.50)","Minimal Risk"))))))) | P19: =IF(O19="","",INDEX([1]Decision_Logic!$A$18:$A$21,MATCH(INDEX([1]Config!$B$9:$B$16,MATCH(O19,[1]Config!$A$9:$A$16,0)),{0;1;2;3},0))) | Q19: =IF(A19="","",IF(F19="N","No EU nexus declared (Art.2).",IF(G19="Y","Art.5 prohibited practice indicated (Art.5) – escalate to Legal.",IF(H19="Y","Annex I safety component requiring conformity assessment (Art.6(1)).",IF(AND(I19<>"None",OR(J19="Y",K19="N")),"Annex III domain ('"&I19&"') with profiling and/or no valid derogation (Art.6(2)-(4)).",IF(L19="Y",IF(N(M19)>=[1]Config!$B$5,"GPAI above systemic-risk compute threshold (Art.51(2),55).","GPAI below systemic-risk threshold (Art.51-53)."),IF(N19="Y","Direct interaction / synthetic content / emotion or biometric trigger (Art.50).","No triggers identified.")))))))
... O29: =IF(A29="","",IF(F29="N","Out of EU AI Act Scope",IF(G29="Y","Prohibited (Art.5)",IF(H29="Y","High-Risk (Annex I)",IF(AND(I29<>"None",OR(J29="Y",K29="N")),"High-Risk (Annex III)",IF(L29="Y",IF(N(M29)>=[1]Config!$B$5,"GPAI with Systemic Risk","GPAI"),IF(N29="Y","Limited Risk (Art.50)","Minimal Risk"))))))) | P29: =IF(O29="","",INDEX([1]Decision_Logic!$A$18:$A$21,MATCH(INDEX([1]Config!$B$9:$B$16,MATCH(O29,[1]Config!$A$9:$A$16,0)),{0;1;2;3},0))) | Q29: =IF(A29="","",IF(F29="N","No EU nexus declared (Art.2).",IF(G29="Y","Art.5 prohibited practice indicated (Art.5) – escalate to Legal.",IF(H29="Y","Annex I safety component requiring conformity assessment (Art.6(1)).",IF(AND(I29<>"None",OR(J29="Y",K29="N")),"Annex III domain ('"&I29&"') with profiling and/or no valid derogation (Art.6(2)-(4)).",IF(L29="Y",IF(N(M29)>=[1]Config!$B$5,"GPAI above systemic-risk compute threshold (Art.51(2),55).","GPAI below systemic-risk threshold (Art.51-53)."),IF(N29="Y","Direct interaction / synthetic content / emotion or biometric trigger (Art.50).","No triggers identified.")))))))

Sheet Annex_III_Guide
A1: Annex III – High-Risk Use-Case Domains (Art. 6(2))
A2: Use this to answer the domain question in R4 of Decision_Logic.
A4: # | B4: Domain | C4: Typical High-Risk Use Cases (Art. 6(2), Annex III) | D4: Exclusions / Notes
A5: 1 | B5: Biometrics | C5: Remote biometric identification; biometric categorisation inferring sensitive attributes; emotion recognition | D5: Biometric verification whose sole purpose is confirming a person's identity ('is this the same person?') is excluded; several biometric uses are outright prohibited under Art.5
A6: 2 | B6: Critical infrastructure | C6: AI safety components in the management/operation of critical digital infrastructure, road traffic, or the supply of water, gas, heating or electricity | D6: Cybersecurity tools alone are not automatically in scope
A7: 3 | B7: Education & vocational training | C7: Determining access/admission; evaluating learning outcomes; assessing the appropriate level of education; monitoring/detecting prohibited student behaviour during tests | D7: Emotion recognition in an educational setting is prohibited outright (Art.5)
A8: 4 | B8: Employment, workers' management & access to self-employment | C8: Recruitment (targeted job ads, filtering/evaluating applications); decisions on promotion, termination, task allocation based on behaviour or traits; monitoring/evaluating performance | D8: Emotion recognition in the workplace is prohibited outright (Art.5)
A9: 5 | B9: Essential private & public services | C9: Eligibility for public assistance/benefits; creditworthiness assessment / credit scoring; risk assessment and pricing for life and health insurance; evaluating and classifying emergency calls, and dispatch/prioritisation of emergency services | D9: AI used purely to detect financial fraud is excluded from the credit-scoring category
A10: 6 | B10: Law enforcement | C10: Assessing risk of a person offending or reoffending or of becoming a victim; polygraph-type tools; evaluating the reliability of evidence; profiling in the course of investigation or prosecution | D10: Several law-enforcement biometric uses are prohibited outright (Art.5)
A11: 7 | B11: Migration, asylum & border control | C11: Risk or security assessment of migrants/applicants; examining eligibility of applications for asylum, visa or residence; detection, recognition or identification of persons in this context | D11: Purely administrative or travel-document verification tasks are more limited in scope
A12: 8 | B12: Administration of justice & democratic processes | C12: AI systems assisting a judicial authority in researching/interpreting facts and applying the law; AI used to influence the outcome of an election or referendum, or voting behaviour | D12: Purely administrative back-office case-management tools are generally excluded

Sheet Decision_Logic
A1: EU AI Act - Risk Tiering Decision Logic (evaluated in order)
A2: This ordered logic is implemented as formulas in Quick_Classifier and AI_System_Register.
A4: Rule | B4: Order | C4: Question | D4: If YES | E4: If NO | F4: Legal Basis | G4: Notes
A5: R1 | B5: 1 | C5: Is the system placed on the EU market, put into service in the EU, or is its output used within the EU? | D5: Continue to R2 | E5: STOP → 'Out of EU AI Act Scope' (internal governance only) | F5: Art. 2 | G5: Non-EU-only systems can still be governed internally, but the AI Act does not apply.
A6: R2 | B6: 2 | C6: Does the system perform a practice prohibited under Art.5? e.g. subliminal/manipulative techniques causing harm; exploiting vulnerabilities (age, disability, socio-economic situation); social scoring; predictive policing based solely on profiling; untargeted scraping of facial images; emotion recognition in the workplace or education; biometric categorisation inferring sensitive attributes (race, political opinions, sexual orientation, etc.); real-time remote biometric identification in public spaces for law enforcement (narrow exceptions only); non-consensual intimate-image / CSAM generation (added by the Digital Omnibus) | D6: STOP → 'Prohibited (Art.5)' – do not place on market / withdraw | E6: Continue to R3 | F6: Art. 5 (as amended by Reg. (EU) 2026/1744) | G6: Read the free-text description carefully – prohibited uses are often not obvious from a checkbox (e.g. an 'interview scoring tool' that infers emotion). Highest penalty tier: up to €35m or 7% of global turnover.
A7: R3 | B7: 3 | C7: Is the system a safety component of, or is it itself, a product covered by the Annex I list of EU product-safety legislation (e.g. machinery, toys, lifts, medical devices, aviation) requiring third-party conformity assessment? | D7: 'High-Risk (Annex I)' | E7: Continue to R4 | F7: Art. 6(1), Annex I | G7: Application deferred to 2 Aug 2028 by the Digital Omnibus.
A8: R4 | B8: 4 | C8: Is the intended purpose in one of the 8 Annex III domains? (see Annex_III_Guide) – biometrics; critical infrastructure; education; employment; essential private/public services; law enforcement; migration/border/asylum; administration of justice or democratic processes | D8: Continue to R5 | E8: Continue to R6 (skip to GPAI check) | F8: Art. 6(2), Annex III
A9: R5 | B9: 5 | C9: Within that Annex III domain: does the system profile natural persons (per Art.4(4) GDPR-style profiling), OR is a valid Art.6(3) narrow-procedural-task derogation NOT claimed/documented? | D9: 'High-Risk (Annex III)' | E9: Continue to R6 – but the derogation must be formally assessed and documented, and the system registered (Art.49(2)) | F9: Art. 6(2)–(4) | G9: Profiling always overrides the derogation. Reviewer should challenge weak derogation claims.
A10: R6 | B10: 6 | C10: Does your organisation provide a general-purpose AI model (a foundation/base model usable for a wide range of tasks, not fine-tuned end-use only)? | D10: Continue to R7 | E10: Continue to R8 | F10: Art. 51–53 | G10: Deployers who only use a vendor's GPAI model (without providing one) are not GPAI providers themselves.
A11: R7 | B11: 7 | C11: Was the model trained with cumulative compute ≥ 10^25 FLOP (see Config), or has the Commission designated it as posing systemic risk? | D11: 'GPAI with Systemic Risk' | E11: 'GPAI' | F11: Art. 51(2), Art. 55 | G11: Systemic-risk providers must notify the Commission within 2 weeks of meeting the criterion.
A12: R8 | B12: 8 | C12: Does the system interact directly with natural persons, generate synthetic audio/image/video/text, or perform emotion recognition / biometric categorisation (and is not already Prohibited or High-Risk)? | D12: 'Limited Risk (Art.50)' | E12: Continue to R9 | F12: Art. 50 | G12: Transparency duties can also apply on top of a High-Risk tier – track this separately if relevant.
A13: R9 | B13: 9 | C13: None of the above triggers apply. | D13: — | E13: 'Minimal Risk' | F13: — | G13: Voluntary codes of conduct and AI-literacy obligations (Art.4) still apply.
A16: Reference: internal severity tiers (for prioritisation once the EU category is known)
A17: Suggested Internal Tier | B17: EU AI Act Categories Mapped | C17: Typical Review Depth
A18: T0 – Stop | B18: Prohibited (Art.5) | C18: Immediate legal determination; cease/withdraw
A19: T1 – Critical | B19: High-Risk (Annex I or III); GPAI with Systemic Risk | C19: Full assessment against all applicable obligations; senior sign-off
A20: T2 – Elevated | B20: Limited Risk (Art.50) | C20: Targeted assessment of transparency/documentation duties
A21: T3 – Standard | B21: Minimal Risk; Out of EU AI Act Scope | C21: Baseline governance and periodic attestation

Sheet MVP_Roadmap
A1: MVP Roadmap – Agentic AI Risk Tiering Prototype
A2: Four incremental MVPs; each delivers standalone value and de-risks the next.
A4: Attribute | B4: MVP-1: Inventory & Intake | C4: MVP-2: EU AI Act Risk Tiering | D4: MVP-3: Framework Crosswalk & Gap Assessment | E4: MVP-4: Remediation, Monitoring & Reporting
A5: Objective | B5: Build a trusted, continuously refreshed inventory of AI systems with complete intake data – this is the prerequisite for risk-tiering. | C5: Automatically classify every inventoried system into an EU AI Act category and an internal risk tier, with explainable reasoning and human validation. | D5: Map each tier to obligations across EU AI Act, NIST AI RMF and ISO/IEC 42001; collect evidence and assess control gaps per system. | E5: Close the loop: remediation planning, continuous monitoring, re-tiering triggers, incident triage and governance reporting.
A6: Business problem solved | B6: Shadow AI, spreadsheet inventories, inconsistent owner-provided data; no single source of truth. | C6: Manual, slow and inconsistent risk classification; prohibited/high-risk uses discovered late. | D6: Fragmented compliance effort across three frameworks; duplicated evidence requests; unclear priorities. | E6: Findings without follow-through; tier goes stale after model/vendor/use-case changes; slow board reporting.
A7: In scope | B7: Discovery of AI systems (procurement, cloud, SaaS, code repos); conversational intake; canonical record schema; completeness scoring; owner/role assignment (provider vs deployer); audit log. | C7: Rules engine (R1–R10); LLM reasoning over free-text; RAG over AI Act; reconcile rules vs LLM; confidence-based review routing; reviewer workbench; contextual score overlay; prohibited-practice stop; golden test set. | D7: Versioned crosswalk (24 requirements); tier→obligation applicability; evidence collection from GRC/MLOps/doc stores; gap status + compliance score; NIST profile and ISO SoA draft; GPAI checklist. | E7: Remediation plans with SLA by tier; action tracker; monitoring ingest; re-tiering triggers; Art.73 incident triage; regulatory watch; dashboards & board pack; agent performance monitoring.
A8: Out of scope | B8: Tiering decisions; control assessment; automated blocking of systems. | C8: Full conformity assessment; technical model testing (bias/robustness execution); other jurisdictions. | D8: Automated remediation execution; certification audit; vendor due-diligence workflows. | E8: Multi-jurisdiction extension (e.g., US state laws); automated regulator submissions; model-level red-teaming.
A9: Agents involved | B9: A0 Orchestrator, A1 Discovery, A2 Intake & Enrichment | C9: A0 Orchestrator, A3 Regulatory Knowledge (RAG), A4 Risk Tiering, A5 Tier Review & Challenge | D9: A6 Framework Mapping, A7 Evidence Collection, A8 Gap Assessment | E9: A9 Remediation Planning, A10 Monitoring & Re-tiering, A11 Incident Triage, A12 Governance Reporting
A10: Key inputs / data | B10: Procurement & cloud-spend exports, SaaS/SSO logs, code-repo scan, model cards, owner questionnaires. | C10: Inventory records (Syn_AI_Inventory), AI Act text & guidelines, Tiering_Rules, labelled golden set. | D10: Framework_Map, policies, model documentation, test reports, DPIAs, vendor contracts, MLOps registry. | E10: Gap results, action log, monitoring telemetry, incident tickets, regulatory feeds, approver matrix.
A11: Key outputs | B11: AI inventory with completeness score; shadow-AI findings; owner assignments. | C11: EU tier + internal tier + rationale + confidence + citations; reviewed decisions; prohibited-practice alerts. | D11: Applicable requirement set per system; evidence links; gap status; compliance score; NIST/ISO artefacts. | E11: Remediation plan; monitoring alerts; re-tier decisions; incident triage record; board/committee packs.
A12: Framework alignment | B12: EU: Art.6/49 (classification, registration prep), Art.4. NIST: GOVERN 1.6 (inventory). ISO 42001: 4.3, A.4.2. | C12: EU: Art.5, 6, Annex I/III, Art.50, 51–52. NIST: MAP 1.1, MAP 1.5, MAP 5.1. ISO 42001: 6.1.2, 6.1.4, A.5.2. | D12: EU: Art.9–15, 17, 26, 27, 53, 55. NIST: GOVERN/MAP/MEASURE subcategories per Framework_Map. ISO 42001: 8.x, Annex A. | E12: EU: Art.72, 73. NIST: MANAGE 1–4. ISO 42001: 9.1–9.3, 10.1–10.2, A.6.2.6, A.8.4.
A13: Acceptance criteria | B13: ≥90% of seeded shadow-AI test systems detected; ≥95% of mandatory intake fields complete for in-scope systems; every record versioned and attributable to an owner. | C13: Agent–SME agreement ≥90% on golden set; 100% of prohibited cases escalated (no misses); every decision carries article citations; reviewer override captured with reason. | D13: ≥85% requirement-level status matches SME judgement on sample; each evidence link traceable; crosswalk versioned with change history. | E13: ≥95% material change events trigger re-tier review within SLA; remediation plans accepted with ≤30% edits; reports reconcile 100% to source data.
A14: Success KPIs (targets) | B14: Inventory coverage ≥90% of known AI; intake completeness ≥95%; time-to-register ≤5 days. | C14: Tiering cycle time ≤2 days (fast-track ≤1 day); override rate ≤15%; prohibited-practice recall 100%. | D14: Requirements auto-assessed ≥70%; evidence request duplication -50%; compliance score visible for 100% T0–T2. | E14: Overdue actions ≤10%; MTTR for re-tier ≤5 days; board pack prep time -70%.
A15: Human-in-the-loop design | B15: System owner confirms extracted answers; governance analyst approves new shadow-AI records. | C15: Single reviewer for fast-track (confidence ≥ threshold, agent = rules); two reviewers + Legal for T0/T1 or disagreement; T0 hard-stop needs Legal sign-off. | D15: Control owners attest evidence; 2nd line challenges 'Implemented' claims on T1 systems. | E15: Action owners approve plans; independent validator confirms closure; CRO/Committee approves risk acceptance.
... A22: Demo scenario | B22: Shadow-AI scan surfaces 'Store Camera Demographic Analytics (pilot)'; owner completes intake via chat. | C22: Video Interview Analyser: rules say High-Risk, agent flags Art.5 emotion recognition, Legal confirms Prohibited (see AI-028). | D22: Retail Credit Scoring Model: 20 requirements applied; gaps found in data governance and human oversight. | E22: Vendor update on Credit Limit Recommender triggers re-tier and creates P2 remediation actions.

Sheet MVP_Backlog
A1: MVP Backlog – User Stories
A2: Effort points are relative estimates (Fibonacci-like). MoSCoW priority.
A4: Story ID | B4: MVP | C4: Epic | D4: User Story | E4: Priority | F4: Effort (pts) | G4: Acceptance Criteria | H4: Agent | I4: Framework Reference
A5: US-101 | B5: MVP-1 | C5: Discovery | D5: As an AI governance lead, I want the Discovery Agent to scan procurement, cloud spend, SaaS/SSO logs and code repos so that shadow AI is surfaced. | E5: Must | F5: 8 | G5: ≥90% of seeded shadow-AI systems detected; each finding links to source evidence | H5: A1 Discovery | I5: NIST GOVERN 1.6; ISO A.4.2
A6: US-102 | B6: MVP-1 | C6: Inventory | D6: As a governance analyst, I want a canonical AI system record (27 fields incl. tiering flags) so that data is consistent. | E6: Must | F6: 5 | G6: Schema approved; validation rules block invalid values | H6: A2 Intake | I6: EU Art.6; ISO 4.3
A7: US-103 | B7: MVP-1 | C7: Intake | D7: As a system owner, I want to complete intake via conversational chat with pre-filled answers from my documents so that effort is minimal. | E7: Must | F7: 8 | G7: ≥60% fields pre-filled; owner confirms each extracted answer | H7: A2 Intake | I7: NIST MAP 1.1
A8: US-104 | B8: MVP-1 | C8: Intake | D8: As a governance analyst, I want completeness scoring and automated nudges so that records reach ≥95% completeness. | E8: Should | F8: 3 | G8: Score visible per record; reminders escalate after 5 days | H8: A2 Intake | I8: ISO 7.5
A9: US-105 | B9: MVP-1 | C9: Inventory | D9: As an auditor, I want immutable version history of every record change so that decisions are traceable. | E9: Must | F9: 5 | G9: Every edit stores who/when/what; export available | H9: A0 Orchestrator | I9: EU Art.12 (logging principle); ISO 7.5
A10: US-106 | B10: MVP-1 | C10: Intake | D10: As Legal, I want the provider/deployer role determined per system so that correct obligations apply. | E10: Must | F10: 5 | G10: Role captured with rationale; changes trigger re-tier flag | H10: A2 Intake | I10: EU Art.3, Art.25
A11: US-107 | B11: MVP-1 | C11: Security | D11: As a CISO, I want PII/secret redaction before any LLM call so that sensitive data is protected. | E11: Must | F11: 3 | G11: 0 unredacted PII in prompt logs on test set | H11: A0 Orchestrator | I11: ISO A.7.x; NIST GOVERN 1.x
A12: US-108 | B12: MVP-1 | C12: Platform | D12: As a platform owner, I want an orchestrator with run logging so that every agent action is auditable. | E12: Must | F12: 5 | G12: Run ID, agent, version, inputs/outputs hash logged | H12: A0 Orchestrator | I12: ISO 9.1; EU Art.12
A13: US-201 | B13: MVP-2 | C13: Knowledge | D13: As a tiering agent, I want a RAG index of AI Act articles, annexes, Omnibus amendments and guidelines so that citations are grounded. | E13: Must | F13: 8 | G13: Answers cite retrievable passages; citation accuracy ≥95% | H13: A3 Regulatory Knowledge | I13: EU Art.5,6,50,51–55
A14: US-202 | B14: MVP-2 | C14: Rules | D14: As a compliance lead, I want a deterministic rules engine implementing R1–R10 so that baseline tiering is reproducible. | E14: Must | F14: 8 | G14: 100% match with Legal-approved test table | H14: A4 Risk Tiering | I14: EU Art.5,6,Annex I/III
A15: US-203 | B15: MVP-2 | C15: LLM reasoning | D15: As a reviewer, I want the LLM to read free-text descriptions and detect Art.5/Annex III indicators missed by intake flags so that hidden risks are caught. | E15: Must | F15: 13 | G15: Catches ≥90% of seeded hidden-indicator cases | H15: A4 Risk Tiering | I15: EU Art.5,6(2),6(3)
A16: US-204 | B16: MVP-2 | C16: Rules | D16: As a reviewer, I want rules-vs-LLM disagreements automatically escalated so that conflicts are never silently resolved. | E16: Must | F16: 5 | G16: 100% disagreements routed to full review | H16: A4/A5 | I16: NIST MAP 5.1
... A43: US-412 | B43: MVP-2 | C43: Governance | D43: As an AI ethics lead, I want a periodic sample audit of fast-track decisions. | E43: Should | F43: 3 | G43: 10% monthly sample reviewed | H43: A5 Review | I43: ISO 9.2

Sheet Agent_Catalog
A1: Agent Catalog
A2: 13 agents across four MVPs; autonomy: Low = human decides, Medium = agent proposes/human approves, High = agent acts within guardrails.
A4: Agent ID | B4: Agent | C4: MVP | D4: Purpose | E4: Key Inputs | F4: Key Outputs | G4: Tools / Integrations | H4: Reasoning Approach | I4: Autonomy Level | J4: Human Checkpoint | K4: Guardrails | L4: Evaluation Metrics | M4: Synthetic Data Sheet
A5: A0 | B5: Orchestrator / Supervisor | C5: MVP-1+ | D5: Plans work, routes tasks to agents, manages state, retries, review routing and audit logging | E5: Inventory events, agent outputs, Config | F5: Task graph, run log, routing decisions | G5: Workflow engine, state store, message bus | H5: Deterministic state machine with LLM planning for exceptions | I5: High (routing only) | J5: None for routing; humans approve all classifications | K5: No agent can approve its own output; PII redaction before LLM calls; run IDs immutable | L5: Task success rate; retry rate; latency | M5: Syn_Agent_Run_Log
A6: A1 | B6: AI Discovery Agent | C6: MVP-1 | D6: Finds unregistered AI/ML use (shadow AI) from procurement, cloud spend, SaaS/SSO logs, code repositories | E6: Procurement export, cloud billing, SSO/app catalogue, repo scan | F6: Candidate AI systems with evidence links | G6: Connectors/APIs, entity resolution, signature library (AI SDKs, model endpoints) | H6: Rules + LLM classification of vendor/app descriptions | I6: Medium | J6: Governance analyst approves new records | K6: Read-only access; evidence link mandatory; no data content ingestion | L6: Recall of seeded shadow AI; precision | M6: Syn_AI_Inventory (Discovery Source)
A7: A2 | B7: Intake & Enrichment Agent | C7: MVP-1 | D7: Conducts conversational intake; pre-fills from model cards/docs; scores completeness; nudges owners | E7: Owner chat, model cards, architecture docs | F7: Complete inventory record, completeness %, open questions | G7: Chat UI, document parser, vector store | H7: LLM extraction to JSON schema with source spans | I7: Medium | J7: System owner confirms every extracted value | K7: Schema validation; show source for each pre-filled value; no silent overwrites | L7: Field accuracy; pre-fill rate; completion time | M7: Syn_AI_Inventory
A8: A3 | B8: Regulatory Knowledge Agent (RAG) | C8: MVP-2 | D8: Retrieves and cites AI Act provisions, Omnibus amendments, guidelines, NIST/ISO texts (licensed/owned) | E8: Query from A4/A5/A6 | F8: Passages with citations and version/date | G8: Vector index, document store, citation verifier | H8: Retrieval-augmented generation; citation-only answers | I8: High (read-only) | J8: Legal curates corpus and approves updates | K8: Answers only from indexed corpus; verify quotes exist; show effective dates | L8: Citation accuracy; retrieval recall | M8: Reg_Timeline; Tiering_Rules
A9: A4 | B9: Risk Tiering Agent | C9: MVP-2 | D9: Assigns EU AI Act category + internal tier using rules engine and LLM reading of free text; explains | E9: Inventory record, Tiering_Rules, RAG passages | F9: EU tier, internal tier, rationale, confidence, citations | G9: Rules engine, LLM (structured output), RAG | H9: Hybrid: deterministic rules first, LLM second-opinion; disagreements escalate | I9: Medium (proposes) | J9: Reviewer approves/overrides; T0/T1 need two approvals + Legal | K9: Prohibited indicators always escalate; low confidence → full review; explanations must cite | L9: Agent–SME agreement; prohibited recall; override rate | M9: Syn_Tiering
A10: A5 | B10: Tier Review & Challenge Agent | C10: MVP-2 | D10: Independent critic: argues the opposite classification, checks derogation claims (Art.6(3)), looks for missed Annex III/Art.5 signals | E10: Tiering output, inventory record | F10: Challenge notes, disagreement flag | G10: LLM (separate prompt/model), RAG | H10: Adversarial second opinion | I10: Medium | J10: Reviewer sees both views | K10: Cannot change tier; results shown to reviewer | L10: Disagreement usefulness (accepted %) | M10: Syn_Tiering (Agent vs SME)
A11: A6 | B11: Framework Mapping Agent | C11: MVP-3 | D11: Applies crosswalk: derives applicable EU/NIST/ISO requirements per tier; generates NIST profile & ISO SoA draft | E11: Final tier, Framework_Map | F11: Applicable requirement list per system | G11: Crosswalk data store, templating | H11: Deterministic lookup + LLM drafting | I11: High (lookup) / Medium (drafts) | J11: Compliance approves crosswalk versions | K11: Versioned crosswalk; drafts marked AI-generated | L11: Applicability accuracy | M11: Framework_Map
A12: A7 | B12: Evidence Collection Agent | C12: MVP-3 | D12: Collects and links evidence artefacts (policies, model cards, test reports, DPIAs, logs, contracts) | E12: Requirement list, repositories | F12: Evidence links with hash/timestamp | G12: GRC, MLOps registry, document stores, email/ticket search | H12: Search + LLM relevance ranking | I12: Medium | J12: Control owner confirms relevance | K12: Least-privilege access; store references not content; freshness checks | L12: Evidence coverage; relevance precision | M12: Syn_Gap_Assessment (Evidence Ref)
A13: A8 | B13: Gap Assessment Agent | C13: MVP-3 | D13: Judges evidence vs each requirement; assigns status + confidence; computes compliance credit | E13: Requirement, evidence | F13: Status (Implemented/Partial/Not/NA), rationale, confidence | G13: LLM document QA, scoring service | H13: Rubric-based judgement with citations to evidence | I13: Medium | J13: 2nd line challenges; T1 'Implemented' needs attestation | K13: No 'Implemented' without evidence; low confidence → human | L13: Agreement with SME; false-positive 'Implemented' | M13: Syn_Gap_Assessment
A14: A9 | B14: Remediation Planning Agent | C14: MVP-4 | D14: Proposes actions, owners, priority, due dates from tier SLA and gap type; tracks and escalates | E14: Gaps, Tier_Obligations, capacity | F14: Remediation plan, reminders, escalations | G14: Ticketing (Jira/ServiceNow), calendar | H14: Playbook lookup + LLM specialisation of action text | I14: Medium | J14: Owner accepts; validator closes; risk acceptance human-only | K14: Cannot close own actions; SLA per tier | L14: % accepted unedited; on-time closure | M14: Syn_Remediation
A15: A10 | B15: Monitoring & Re-tiering Agent | C15: MVP-4 | D15: Watches drift/bias/incidents/vendor and intended-purpose changes; triggers re-tiering | E15: Monitoring telemetry, change logs, vendor notices | F15: Alerts, re-tier requests | G15: Event bus, MLOps monitors, change management | H15: Threshold rules + LLM summarisation | I15: High (alerts) / Medium (re-tier request) | J15: Governance lead decides re-tier | K15: Dedup; severity thresholds; evidence attached | L15: Trigger recall; false-alert rate | M15: Syn_Monitoring
... A17: A12 | B17: Governance Reporting Agent | C17: MVP-4 | D17: Builds dashboards, board packs, agent-performance reports | E17: All approved outputs | F17: Dashboards, narrative, KPI trends | G17: BI tool, document generator | H17: Templated narrative from computed metrics with citations | I17: High (draft) / Low (publish) | J17: Head of AI Governance approves before distribution | K17: Numbers only from computed sources; reconcile check | L17: Report accuracy; prep time | M17: Dashboard

Sheet Tiering_Rules
A1: Risk Tiering Decision Logic (evaluated in order)
A2: Implemented as formulas in Syn_Tiering (R1–R12). LLM agents (A4/A5) test the same logic against free-text descriptions.
A4: Rule ID | B4: Order | C4: Step | D4: Question / Condition | E4: Intake Fields Used | F4: Outcome | G4: Legal Basis | H4: Notes / Edge Cases
A5: R1 | B5: 1 | C5: Scope | D5: Is the system placed on the EU market, put into service in the EU, or is its output used in the EU? | E5: EU Nexus | F5: N → 'Out of EU AI Act Scope' (apply internal tier only) | G5: Art. 2 | H5: Non-EU-only use still receives NIST/ISO internal governance; re-check if use extends to EU.
A6: R2 | B6: 2 | C6: Prohibited practices | D6: Does the system perform any Art.5 prohibited practice? (subliminal/manipulative techniques; exploiting vulnerabilities; social scoring; predictive policing based solely on profiling; untargeted facial-image scraping; emotion recognition in workplace/education; biometric categorisation inferring sensitive attributes; real-time remote biometric ID in public for law enforcement (narrow exceptions); plus new Omnibus additions on non-consensual intimate imagery / CSAM generation) | E6: Art.5 Flag; LLM reading of Description | F6: Y → 'Prohibited (Art.5)' → T0 Stop | G6: Art. 5 (as amended by Reg. (EU) 2026/1744) | H6: LLM agent must check description even when flag = N (e.g., interview emotion analysis). Legal must confirm. Highest fine tier (up to €35m or 7% turnover).
A7: R3 | B7: 3 | C7: Product safety | D7: Is the AI a safety component of (or itself) a product covered by Annex I Union harmonisation legislation requiring third-party conformity assessment? | E7: Annex I Safety Component | F7: Y → 'High-Risk (Annex I)' | G7: Art. 6(1), Annex I | H7: Application date deferred to 2 Aug 2028 by Omnibus.
A8: R4 | B8: 4 | C8: Annex III use case | D8: Is the intended use in an Annex III domain (biometrics, critical infrastructure, education, employment, essential services, law enforcement, migration, justice/democracy)? | E8: Annex III Domain | F8: Domain ≠ None → candidate High-Risk | G8: Art. 6(2), Annex III | H8: See domain guide below. Exclusions: fraud detection (not credit scoring), biometric verification-only.
A9: R5 | B9: 5 | C9: Profiling override | D9: Does the Annex III system profile natural persons? | E9: Profiling of Persons | F9: Y → 'High-Risk (Annex III)' (no derogation) | G9: Art. 6(3) last subparagraph | H9: Profiling always high-risk when in Annex III domain.
A10: R6 | B10: 6 | C10: Derogation | D10: If not profiling: does Art.6(3) apply (narrow procedural task, improves prior human activity, detects deviations without replacing human assessment, or preparatory task) and is it documented? | E10: Art 6(3) Derogation Claimed | F10: Derogation = Y & profiling = N → not High-Risk (continue R7–R10); else 'High-Risk (Annex III)' | G10: Art. 6(3), 6(4) | H10: Provider must document the assessment and register the system (Art.49(2)); reviewer must challenge weak claims (A5).
A11: R7 | B11: 7 | C11: GPAI model | D11: Does the organisation provide a general-purpose AI model? | E11: GPAI Provided | F11: Y → 'GPAI' (continue R8) | G11: Art. 51–53 | H11: Model provider obligations since 2 Aug 2025; deployers using vendor GPAI are typically not GPAI providers.
A12: R8 | B12: 8 | C12: Systemic risk | D12: Training compute ≥ 10^25 FLOP (presumption) or Commission designation? | E12: Training Compute (FLOP) | F12: ≥ threshold → 'GPAI with Systemic Risk' | G12: Art. 51(2), Art. 55 | H12: Threshold in Config; notify Commission within 2 weeks of meeting criterion.
A13: R9 | B13: 9 | C13: Transparency | D13: Does the system interact directly with persons, generate synthetic audio/image/video/text, or perform emotion recognition/biometric categorisation? | E13: Interacts; Generates Synthetic Content; Emotion/Biometric | F13: Any Y → 'Limited Risk (Art.50)' | G13: Art. 50 | H13: Art.50 duties can also apply on top of High-Risk (flag shown separately). Art.50(2) marking for legacy systems from 2 Dec 2026.
A14: R10 | B14: 10 | C14: Default | D14: None of the above | E14: — | F14: 'Minimal Risk' | G14: — | H14: Voluntary codes of conduct; AI literacy and internal governance still apply.
A15: R11 | B15: 11 | C15: Contextual score | D15: Internal score = w1·Impact + w2·Data sensitivity + w3·Scale + w4·Autonomy (weights in Config) | E15: Impact Severity; Data Sensitivity; Scale; Autonomy | F15: Score ≥ 4.0 → T1; ≥ 3.0 → T2; else T3 | G15: NIST AI RMF MAP 1.5, MAP 5.1; ISO 42001 6.1.2 | H15: Captures risks outside the EU categories (e.g., non-EU credit pre-screening, voice biometrics).
A16: R12 | B16: 12 | C16: Final internal tier | D16: Final tier = most severe of EU-derived tier and score-derived tier; Prohibited always T0 | E16: Outputs of R2–R11 | F16: T0 Stop / T1 Critical / T2 Elevated / T3 Standard | G16: Org policy (see Tier_Obligations) | H16: Reviewer may raise but not lower a tier without documented rationale.
A19: Annex III domain guide (Art. 6(2))
A20: # | B20: Domain | C20: Typical high-risk use cases | D20: Exclusions / notes
A21: 1 | B21: Biometrics | C21: Remote biometric identification; biometric categorisation by sensitive attributes; emotion recognition | D21: Biometric verification whose sole purpose is confirming a person's identity is excluded; some uses are prohibited under Art.5
A22: 2 | B22: Critical infrastructure | C22: Safety components in management/operation of critical digital infrastructure, road traffic, supply of water, gas, heating, electricity | D22: Cybersecurity-only tools are not automatically in scope
A23: 3 | B23: Education & vocational training | C23: Admission/access; evaluating learning outcomes; assessing appropriate education level; monitoring prohibited behaviour during tests | D23: Emotion recognition in education is prohibited (Art.5)
A24: 4 | B24: Employment & workers management | C24: Recruitment/selection (targeted job ads, filtering, evaluating candidates); decisions on terms, promotion, termination; task allocation based on behaviour/traits; performance monitoring | D24: Emotion recognition in the workplace is prohibited (Art.5)
A25: 5 | B25: Essential private & public services | C25: Eligibility for public benefits; creditworthiness / credit scoring; risk assessment & pricing for life and health insurance; emergency call evaluation, dispatch and triage | D25: AI used to detect financial fraud is excluded from the credit-scoring category
A26: 6 | B26: Law enforcement | C26: Risk of victimisation/offending assessment; polygraph-type tools; evidence reliability; profiling in investigations | D26: Some uses prohibited (Art.5)
A27: 7 | B27: Migration, asylum & border control | C27: Risk assessment of migrants; examination of applications; detection/identification of persons | D27: Travel-document verification is limited
A28: 8 | B28: Administration of justice & democratic processes | C28: AI assisting judicial authorities in researching/interpreting facts and law; influencing elections/voting behaviour | D28: Purely administrative back-office tools excluded

Sheet Tier_Obligations
A1: Internal Tier Definitions & EU AI Act Obligations
A2: Table 1 drives remediation priority/SLA lookups in Syn_Remediation. Table 2 summarises EU tier obligations (validate with Legal).
A4: Internal Tier | B4: Typical EU Tier(s) | C4: Priority | D4: Remediation SLA (days) | E4: Assessment Depth | F4: Reviewers | G4: Review Cadence | H4: Approval Authority | I4: Tiering Decision SLA (days) | J4: Framework Scope
A5: =Config!B28 -> T0 - Stop | B5: Prohibited (Art.5) | C5: P0 | D5: 7 | E5: Legal determination; decommission / redesign plan | F5: AI Governance + Legal + CRO delegate | G5: Immediate; then case closure | H5: CRO / General Counsel | I5: 2 | J5: EU Art.5 screening; NIST GOVERN 1.1; ISO 4.2
A6: =Config!B29 -> T1 - Critical | B6: High-Risk; GPAI systemic; T1 by score | C6: P1 | D6: 30 | E6: Full: all applicable EU/NIST/ISO requirements with evidence | F6: Two reviewers (Governance + Model Risk); Legal for EU high-risk | G6: Quarterly + on material change | H6: Head of AI Governance; CRO for acceptance | I6: 5 | J6: EU Art.9–15,17,26/27,72,73; NIST all functions; ISO Clauses 4–10 + Annex A
A7: =Config!B30 -> T2 - Elevated | B7: Limited (Art.50); GPAI; T2 by score | C7: P2 | D7: 60 | E7: Targeted: transparency, data, oversight, third-party | F7: Single reviewer (fast-track if confidence ≥ threshold) | G7: Annual + on material change | H7: AI Governance lead | I7: 3 | J7: EU Art.50/53; NIST MAP/MEASURE core; ISO A.5, A.6, A.9
A8: =Config!B31 -> T3 - Standard | B8: Minimal; Out of scope | C8: P3 | D8: 120 | E8: Baseline: inventory, ownership, AI literacy, attestation | F8: Automated + owner attestation | G8: Annual | H8: System owner + Governance analyst | I8: 2 | J8: EU Art.4 (verify wording post-Omnibus); NIST GOVERN 1.6; ISO 4.3, A.4.2
A11: Table 2 – EU AI Act tier obligations (summary)
A12: EU AI Act Tier | B12: Key Obligations (summary) | C12: Application Date (post-Omnibus) | D12: Primary Roles | E12: Max Penalty Tier (indicative)
A13: Prohibited (Art.5) | B13: Do not place on market/put into service/use; cease and withdraw | C13: In effect since 2 Feb 2025 (new NCII/CSAM prohibition: safeguards grace to 2 Dec 2026) | D13: Provider, deployer | E13: Up to €35m or 7% worldwide turnover
A14: High-Risk (Annex III) | B14: Risk management (Art.9), data governance (10), technical documentation (11), logging (12), transparency (13), human oversight (14), accuracy/robustness/cybersecurity (15), QMS (17), conformity assessment, registration (49), post-market monitoring (72), incident reporting (73); deployer duties (26, 27) | C14: 2 Dec 2027 | D14: Provider, deployer, importer, distributor | E14: Up to €15m or 3%
A15: High-Risk (Annex I) | B15: As above through sectoral conformity routes | C15: 2 Aug 2028 | D15: Provider, deployer | E15: Up to €15m or 3%
A16: GPAI | B16: Technical documentation, downstream information, copyright policy, training-content summary (Art.53) | C16: In effect since 2 Aug 2025 (models on market before: 2 Aug 2027) | D16: GPAI provider | E16: Up to €15m or 3%
A17: GPAI with Systemic Risk | B17: Art.53 plus model evaluation, adversarial testing, systemic-risk mitigation, serious incident reporting, cybersecurity (Art.55); notify Commission | C17: In effect since 2 Aug 2025 | D17: GPAI provider | E17: Up to €15m or 3%
A18: Limited Risk (Art.50) | B18: Disclose AI interaction; mark synthetic content (50(2)); inform on emotion recognition/biometric categorisation; label deepfakes | C18: 2 Aug 2026 (Art.50(2) for legacy systems: 2 Dec 2026) | D18: Provider, deployer | E18: Up to €15m or 3%
A19: Minimal Risk | B19: No mandatory AI Act obligations; voluntary codes; AI literacy (Art.4 – verify current wording) | C19: AI literacy since 2 Feb 2025 (verify) | D19: Provider, deployer | E19: n/a
A20: Out of EU AI Act Scope | B20: Internal NIST/ISO governance only | C20: n/a | D20: n/a | E20: n/a

Sheet Framework_Map
A1: Framework Crosswalk – EU AI Act ↔ NIST AI RMF ↔ ISO/IEC 42001
A2: Illustrative mapping; validate references and applicability with Legal/Compliance. Some ISO references are 'closest match' where no direct clause exists.
A4: Req ID | B4: Theme | C4: Requirement | D4: EU AI Act Reference | E4: NIST AI RMF 1.0 Reference | F4: ISO/IEC 42001:2023 Reference | G4: Applies To | H4: Evidence Expected | I4: Automation Potential | J4: Checking Agent
A5: R01 | B5: Inventory & classification | C5: Maintain AI system inventory with documented risk classification | D5: Art. 6, Annex III; Art. 49 (registration) | E5: GOVERN 1.6 | F5: Cl. 4.3; A.4.2 | G5: All tiers | H5: Inventory record, classification rationale | I5: High | J5: A2/A4
A6: R02 | B6: Governance & accountability | C6: Defined AI policy, roles and accountability | D6: Art. 17 (QMS); Art. 26 | E6: GOVERN 1.2, GOVERN 2.1 | F6: Cl. 5.2, 5.3; A.2.2; A.3.2 | G6: All tiers | H6: Policy, RACI, owner attestation | I6: Medium | J6: A8
A7: R03 | B7: Risk management | C7: Lifecycle risk management system for the AI system | D7: Art. 9 | E7: MAP 5.1, MANAGE 1.2 | F7: Cl. 6.1.2, 6.1.3, 8.2, 8.3 | G7: High-Risk; T1 | H7: Risk register, treatment plan | I7: Medium | J7: A8
A8: R04 | B8: Data governance | C8: Data quality, provenance, representativeness and bias examination | D8: Art. 10 | E8: MAP 2.3 | F8: A.7.2, A.7.4, A.7.5 | G8: High-Risk; T1 | H8: Data sheets, quality reports | I8: Medium | J8: A7/A8
A9: R05 | B9: Documentation | C9: Technical documentation kept up to date | D9: Art. 11, Annex IV | E9: GOVERN 4.2 | F9: A.6.2.7; A.8.2 | G9: High-Risk; GPAI | H9: Technical file, model card | I9: High | J9: A7/A8
A10: R06 | B10: Logging | C10: Automatic event logging and retention | D10: Art. 12 | E10: MANAGE 4.1 | F10: A.6.2.8 | G10: High-Risk | H10: Logging config, retention policy | I10: High | J10: A7/A8
A11: R07 | B11: Transparency to deployers | C11: Instructions for use and information for deployers | D11: Art. 13 | E11: MEASURE 2.8 | F11: A.8.2; A.8.5 | G11: High-Risk | H11: Instructions for use | I11: Medium | J11: A8
A12: R08 | B12: Human oversight | C12: Effective human oversight measures and competence | D12: Art. 14; Art. 26(2) | E12: MAP 3.5 | F12: A.9.2; A.6.1.3 | G12: High-Risk | H12: Oversight procedure, reviewer training | I12: Medium | J12: A8
A13: R09 | B13: Accuracy & security | C13: Accuracy, robustness and cybersecurity | D13: Art. 15 | E13: MEASURE 2.5, MEASURE 2.7 | F13: A.6.2.4 | G13: High-Risk; T1 | H13: Test reports, pen-test, robustness results | I13: Medium | J13: A7/A8
A14: R10 | B14: Bias & fairness | C14: Bias and fairness testing with subgroup analysis | D14: Art. 10(2) | E14: MEASURE 2.11 | F14: A.5.4; A.6.2.4 | G14: High-Risk; T1 | H14: Fairness metrics, mitigations | I14: Medium | J14: A7/A8
A15: R11 | B15: Quality management | C15: Quality management system covering AI lifecycle | D15: Art. 17 | E15: GOVERN 1.4 | F15: Cl. 4.4, 7.5, 8.1 | G15: High-Risk | H15: QMS procedures | I15: Low | J15: A8
... A28: R24 | B28: Continual improvement | C28: Corrective action and lessons-learned loop | D28: — | E28: MANAGE 4.2 | F28: Cl. 10.1, 10.2 | G28: High-Risk; Limited; T1 | H28: Corrective action log | I28: Medium | J28: A9

Sheet Config
A1: Configuration & Assumptions (editable)
A2: Yellow cells drive formulas across the workbook. Values are illustrative.
A3: Parameter | B3: Value | C3: Note
A4: As-of date (used for status / overdue) | B4: 46293 | C4: Fixed to avoid volatile TODAY(); update per reporting run
A5: GPAI systemic-risk compute threshold (FLOP) | B5: 1e+25 | C5: Art. 51(2) presumption: 10^25 FLOP
A6: Weight – Impact severity | B6: 0.4 | C6: Assumption
A7: Weight – Data sensitivity | B7: 0.3 | C7: Assumption
A8: Weight – Scale of affected persons | B8: 0.2 | C8: Assumption
A9: Weight – Autonomy | B9: 0.1 | C9: Assumption
A10: Score ≥ this → T1 Critical | B10: 4 | C10: Assumption
A11: Score ≥ this → T2 Elevated | B11: 3 | C11: Assumption
A12: Agent confidence threshold for fast-track review | B12: 0.85 | C12: Assumption
A13: Compliance credit for 'Partially Implemented' | B13: 0.5 | C13: Assumption: Implemented = 1, Not Implemented/Not Assessed = 0
A14: Check: weights sum to 1.0 | B14: =SUM(B6:B9) -> 1 | C14: =IF(ROUND(B14,2)=1,"OK","Weights must sum to 1") -> OK
A15: EU tier → severity rank (0 = most severe)
A16: EU AI Act Tier | B16: Rank | C16: Note
A17: Prohibited (Art.5) | B17: 0 | C17: Always T0
A18: High-Risk (Annex I) | B18: 1
A19: High-Risk (Annex III) | B19: 1
A20: GPAI with Systemic Risk | B20: 1
A21: GPAI | B21: 2
A22: Limited Risk (Art.50) | B22: 2
A23: Minimal Risk | B23: 3
A24: Out of EU AI Act Scope | B24: 3 | C24: Internal score may still raise tier
A26: Internal tiers
A27: Rank | B27: Internal Tier | C27: Description
A28: 0 | B28: T0 - Stop | C28: Prohibited practice: cease/withdraw; Legal-led
A29: 1 | B29: T1 - Critical | C29: High-risk or systemic; full assessment, two reviewers, quarterly review
A30: 2 | B30: T2 - Elevated | C30: Limited/GPAI or elevated internal score; targeted assessment, annual review
A31: 3 | B31: T3 - Standard | C31: Minimal risk; baseline governance, annual attestation

Sheet Syn_AI_Inventory
A1: Synthetic AI System Inventory
A2: All data synthetic. Blue = input. Y/N flags drive Syn_Tiering rules; scores 1–5 drive the contextual overlay.
A4: System ID | B4: System Name | C4: Description | D4: Business Unit | E4: System Owner | F4: Org Role | G4: Sourcing | H4: Model Type | I4: Lifecycle Stage | J4: EU Nexus (Y/N) | K4: Art.5 Flag (Y/N) | L4: Annex I Safety Component (Y/N) | M4: Annex III Domain | N4: Profiling of Persons (Y/N) | O4: Art.6(3) Derogation Claimed (Y/N) | P4: Interacts with Persons (Y/N) | Q4: Generates Synthetic Content (Y/N) | R4: Emotion Recog. / Biometric Categorisation (Y/N) | S4: GPAI Model Provided (Y/N) | T4: Training Compute (FLOP) | U4: Impact Severity (1-5) | V4: Data Sensitivity (1-5) | W4: Scale of Affected Persons (1-5) | X4: Autonomy (1-5) | Y4: Human Oversight | Z4: Discovery Source | AA4: Intake Completeness
A5: AI-001 | B5: CV Screening Assistant | C5: Ranks and filters job applicants using résumé text | D5: Human Resources | E5: A. Novak | F5: Deployer | G5: Vendor | H5: ML ranking | I5: Production | J5: Y | K5: N | L5: N | M5: Employment | N5: Y | O5: N | P5: N | Q5: N | R5: N | S5: N | U5: 4 | V5: 4 | W5: 4 | X5: 3 | Y5: Partial | Z5: Self-declared | AA5: 0.95
A6: AI-002 | B6: Retail Credit Scoring Model | C6: Scores creditworthiness of retail loan applicants | D6: Retail Banking | E6: B. Ferrari | F6: Provider | G6: In-house | H6: Gradient boosting | I6: Production | J6: Y | K6: N | L6: N | M6: Essential services | N6: Y | O6: N | P6: N | Q6: N | R6: N | S6: N | U6: 5 | V6: 5 | W6: 5 | X6: 4 | Y6: Partial | Z6: Self-declared | AA6: 0.98
A7: AI-003 | B7: Aria Customer Service Chatbot | C7: LLM assistant answering customer questions in app and web | D7: Retail Banking | E7: C. Lindqvist | F7: Deployer | G7: Vendor + RAG | H7: LLM (vendor GPAI) | I7: Production | J7: Y | K7: N | L7: N | M7: None | N7: N | O7: N | P7: Y | Q7: Y | R7: N | S7: N | U7: 3 | V7: 4 | W7: 5 | X7: 3 | Y7: Partial | Z7: Self-declared | AA7: 0.92
A8: AI-004 | B8: Card Fraud Detection Engine | C8: Real-time card transaction fraud scoring | D8: Retail Banking | E8: D. Okoye | F8: Provider | G8: In-house | H8: ML ensemble | I8: Production | J8: Y | K8: N | L8: N | M8: None | N8: N | O8: N | P8: N | Q8: N | R8: N | S8: N | U8: 3 | V8: 4 | W8: 5 | X8: 4 | Y8: Partial | Z8: Self-declared | AA8: 0.97
A9: AI-005 | B9: Marketing Copy Generator | C9: Generates campaign copy and imagery drafts | D9: Marketing & Digital | E9: E. Silva | F9: Deployer | G9: Vendor | H9: GenAI (text/image) | I9: Production | J9: Y | K9: N | L9: N | M9: None | N9: N | O9: N | P9: N | Q9: Y | R9: N | S9: N | U9: 2 | V9: 2 | W9: 3 | X9: 2 | Y9: Full | Z9: Procurement review | AA9: 0.9
A10: AI-006 | B10: Employee Performance Analytics | C10: Scores employee performance from work activity data | D10: Human Resources | E10: A. Novak | F10: Deployer | G10: Vendor | H10: ML scoring | I10: Production | J10: Y | K10: N | L10: N | M10: Employment | N10: Y | O10: N | P10: N | Q10: N | R10: N | S10: N | U10: 4 | V10: 4 | W10: 3 | X10: 2 | Y10: Partial | Z10: Self-declared | AA10: 0.88
A11: AI-007 | B11: Life Insurance Pricing Model | C11: Risk assessment and pricing for life insurance applicants | D11: Insurance | E11: F. Haddad | F11: Provider | G11: In-house | H11: GLM + ML | I11: Production | J11: Y | K11: N | L11: N | M11: Essential services | N11: Y | O11: N | P11: N | Q11: N | R11: N | S11: N | U11: 5 | V11: 5 | W11: 4 | X11: 4 | Y11: Partial | Z11: Self-declared | AA11: 0.96
A12: AI-008 | B12: Claims Triage NLP | C12: Classifies and routes property claims by urgency | D12: Insurance | E12: F. Haddad | F12: Provider | G12: In-house | H12: NLP classifier | I12: Production | J12: Y | K12: N | L12: N | M12: None | N12: N | O12: N | P12: N | Q12: N | R12: N | S12: N | U12: 3 | V12: 4 | W12: 4 | X12: 3 | Y12: Full | Z12: Self-declared | AA12: 0.93
A13: AI-009 | B13: Call-Centre Emotion Analytics | C13: Infers agent and caller emotion from voice to coach agents | D13: Operations | E13: G. Kim | F13: Deployer | G13: Vendor | H13: Speech ML | I13: Production | J13: Y | K13: Y | L13: N | M13: Biometrics | N13: N | O13: N | P13: N | Q13: N | R13: Y | S13: N | U13: 4 | V13: 5 | W13: 3 | X13: 2 | Y13: Partial | Z13: Procurement review | AA13: 0.85
A14: AI-010 | B14: Store Camera Demographic Analytics (pilot) | C14: Camera analytics inferring customer demographics incl. ethnicity | D14: Marketing & Digital | E14: E. Silva | F14: Deployer | G14: Vendor | H14: Computer vision | I14: Pilot | J14: Y | K14: Y | L14: N | M14: Biometrics | N14: N | O14: N | P14: N | Q14: N | R14: Y | S14: N | U14: 4 | V14: 5 | W14: 3 | X14: 2 | Y14: None | Z14: Shadow-AI scan | AA14: 0.4
A15: AI-011 | B15: Voice Cloning IVR | C15: Synthetic branded voice for IVR prompts | D15: Operations | E15: G. Kim | F15: Deployer | G15: Vendor | H15: TTS / voice synthesis | I15: Production | J15: Y | K15: N | L15: N | M15: None | N15: N | O15: N | P15: Y | Q15: Y | R15: N | S15: N | U15: 2 | V15: 3 | W15: 4 | X15: 3 | Y15: Partial | Z15: Self-declared | AA15: 0.91
A16: AI-012 | B16: Internal Knowledge Assistant | C16: Employee Q&A over internal documents (RAG on vendor GPAI) | D16: Technology | E16: H. Petrov | F16: Deployer | G16: Vendor + RAG | H16: LLM (vendor GPAI) | I16: Production | J16: Y | K16: N | L16: N | M16: None | N16: N | O16: N | P16: Y | Q16: Y | R16: N | S16: N | U16: 2 | V16: 3 | W16: 3 | X16: 2 | Y16: Full | Z16: Self-declared | AA16: 0.94
A17: AI-013 | B17: NorthLM-70B Foundation Model | C17: In-house general-purpose language model for group use | D17: Technology | E17: H. Petrov | F17: Provider | G17: In-house | H17: LLM (GPAI) | I17: Development | J17: Y | K17: N | L17: N | M17: None | N17: N | O17: N | P17: N | Q17: N | R17: N | S17: Y | T17: 3.2e+24 | U17: 3 | V17: 4 | W17: 3 | X17: 3 | Y17: Partial | Z17: Self-declared | AA17: 0.9
A18: AI-014 | B18: Developer Code Assistant | C18: Code completion for engineers | D18: Technology | E18: H. Petrov | F18: Deployer | G18: Vendor | H18: LLM | I18: Production | J18: Y | K18: N | L18: N | M18: None | N18: N | O18: N | P18: N | Q18: N | R18: N | S18: N | U18: 1 | V18: 2 | W18: 2 | X18: 2 | Y18: Full | Z18: Procurement review | AA18: 0.89
A19: AI-015 | B19: Trading Anomaly Detection | C19: Detects abnormal trading patterns for surveillance | D19: Corporate & Markets | E19: I. Tanaka | F19: Provider | G19: In-house | H19: ML anomaly detection | I19: Production | J19: Y | K19: N | L19: N | M19: None | N19: N | O19: N | P19: N | Q19: N | R19: N | S19: N | U19: 3 | V19: 3 | W19: 2 | X19: 3 | Y19: Full | Z19: Self-declared | AA19: 0.95
A20: AI-016 | B20: APAC Branch Credit Pre-Screen (Singapore only) | C20: Pre-screens SME loan leads for Singapore branch | D20: Corporate & Markets | E20: I. Tanaka | F20: Provider | G20: In-house | H20: ML scoring | I20: Production | J20: N | K20: N | L20: N | M20: Essential services | N20: Y | O20: N | P20: N | Q20: N | R20: N | S20: N | U20: 4 | V20: 5 | W20: 3 | X20: 3 | Y20: Partial | Z20: Self-declared | AA20: 0.92
A21: AI-017 | B21: Loan Document OCR & Extraction | C21: Extracts fields from loan application documents | D21: Retail Banking | E21: B. Ferrari | F21: Deployer | G21: Vendor | H21: OCR / CV | I21: Production | J21: Y | K21: N | L21: N | M21: Essential services | N21: N | O21: Y | P21: N | Q21: N | R21: N | S21: N | U21: 2 | V21: 4 | W21: 4 | X21: 3 | Y21: Full | Z21: Self-declared | AA21: 0.94
A22: AI-018 | B22: Shift Scheduling Optimiser | C22: Allocates shifts and tasks to branch and call-centre staff | D22: Operations | E22: G. Kim | F22: Deployer | G22: Vendor | H22: Optimisation | I22: Production | J22: Y | K22: N | L22: N | M22: Employment | N22: N | O22: N | P22: N | Q22: N | R22: N | S22: N | U22: 3 | V22: 3 | W22: 3 | X22: 3 | Y22: Partial | Z22: Self-declared | AA22: 0.9
A23: AI-019 | B23: Facility Energy Optimiser | C23: Optimises building HVAC energy use | D23: Operations | E23: G. Kim | F23: Provider | G23: In-house | H23: Reinforcement learning | I23: Production | J23: Y | K23: N | L23: N | M23: None | N23: N | O23: N | P23: N | Q23: N | R23: N | S23: N | U23: 1 | V23: 1 | W23: 2 | X23: 4 | Y23: Full | Z23: Self-declared | AA23: 0.96
A24: AI-020 | B24: Graduate Programme Admissions Ranker | C24: Ranks graduate programme candidates for shortlisting | D24: Human Resources | E24: A. Novak | F24: Deployer | G24: Vendor | H24: ML ranking | I24: Pilot | J24: Y | K24: N | L24: N | M24: Education | N24: Y | O24: N | P24: N | Q24: N | R24: N | S24: N | U24: 4 | V24: 4 | W24: 2 | X24: 2 | Y24: Partial | Z24: Procurement review | AA24: 0.86
A25: AI-021 | B25: Synthetic Training Video Generator | C25: Creates avatar-based compliance training videos | D25: Human Resources | E25: A. Novak | F25: Deployer | G25: Vendor | H25: GenAI (video) | I25: Production | J25: Y | K25: N | L25: N | M25: None | N25: N | O25: N | P25: N | Q25: Y | R25: N | S25: N | U25: 1 | V25: 1 | W25: 2 | X25: 2 | Y25: Full | Z25: Self-declared | AA25: 0.91
A26: AI-022 | B26: AML Transaction Monitoring | C26: Flags suspicious transactions for AML review | D26: Risk & Compliance | E26: J. Moreau | F26: Provider | G26: In-house + vendor | H26: ML / rules hybrid | I26: Production | J26: Y | K26: N | L26: N | M26: None | N26: N | O26: N | P26: N | Q26: N | R26: N | S26: N | U26: 4 | V26: 4 | W26: 5 | X26: 3 | Y26: Full | Z26: Self-declared | AA26: 0.97
A27: AI-023 | B27: Voice Biometric Authentication | C27: Verifies caller identity by voiceprint (verification only) | D27: Retail Banking | E27: C. Lindqvist | F27: Deployer | G27: Vendor | H27: Speaker verification | I27: Production | J27: Y | K27: N | L27: N | M27: None | N27: N | O27: N | P27: N | Q27: N | R27: N | S27: N | U27: 3 | V27: 5 | W27: 5 | X27: 3 | Y27: Partial | Z27: Self-declared | AA27: 0.93
A28: AI-024 | B28: Robo-Advisor Chat | C28: Conversational investment guidance for retail clients | D28: Retail Banking | E28: C. Lindqvist | F28: Provider | G28: In-house | H28: LLM + rules | I28: Production | J28: Y | K28: N | L28: N | M28: None | N28: N | O28: N | P28: Y | Q28: Y | R28: N | S28: N | U28: 4 | V28: 4 | W28: 3 | X28: 3 | Y28: Partial | Z28: Self-declared | AA28: 0.95
A29: AI-025 | B29: Customer Churn Predictor | C29: Predicts customer attrition for retention campaigns | D29: Marketing & Digital | E29: E. Silva | F29: Provider | G29: In-house | H29: ML classifier | I29: Production | J29: Y | K29: N | L29: N | M29: None | N29: N | O29: N | P29: N | Q29: N | R29: N | S29: N | U29: 1 | V29: 3 | W29: 4 | X29: 2 | Y29: Full | Z29: Self-declared | AA29: 0.94
... A34: AI-030 | B34: HR Policy Chatbot (pilot) | C34: Answers employee HR policy questions | D34: Human Resources | E34: A. Novak | F34: Deployer | G34: Vendor | H34: LLM (vendor GPAI) | I34: Pilot | J34: Y | K34: N | L34: N | M34: None | N34: N | O34: N | P34: Y | Q34: Y | R34: N | S34: N | U34: 2 | V34: 3 | W34: 3 | X34: 2 | Y34: Full | Z34: Self-declared | AA34: 0.88

Sheet Syn_Tiering
A1: Risk Tiering Results – Rules Engine vs Agent vs SME
A2: Black = formulas (rules engine per Tiering_Rules). Blue = synthetic agent output and SME decisions. Disagreements are intentional to show HITL value.
A4: System ID | B4: System Name | C4: Rules-Engine EU Tier (formula) | D4: Art.50 Transparency Duty | E4: Contextual Score (1–5) | F4: Internal Tier (rules-based) | G4: Agent-Suggested EU Tier | H4: Agent Confidence | I4: Agent Rationale | J4: SME-Validated EU Tier | K4: SME Reviewer | L4: Review Date | M4: Agent = SME? | N4: Rules = SME? | O4: Override / Decision Note | P4: Review Route | Q4: Final Validated Internal Tier
A5: =Syn_AI_Inventory!A5 -> AI-001 | B5: =Syn_AI_Inventory!B5 -> CV Screening Assistant | C5: =IF(Syn_AI_Inventory!J5="N","Out of EU AI Act Scope",IF(Syn_AI_Inventory!K5="Y","Prohibited (Art.5)",IF(Syn_AI_Inventory!L5="Y","High-Risk (Annex I)",IF(AND(Syn_AI_Inventory!M5<>"None",OR(Syn_AI_Inventory!N5="Y",Syn_AI_Inventory!O5="N")),"High-Risk (Annex III)",IF(Syn_AI_Inventory!S5="Y",IF(Syn_AI_Inventory!T5>=Config!$B$5,"GPAI with Systemic Risk","GPAI"),IF(OR(Syn_AI_Inventory!P5="Y",Syn_AI_Inventory!Q5="Y"),"Limited Risk (Art.50)","Minimal Risk")))))) -> High-Risk (Annex III) | D5: =IF(Syn_AI_Inventory!J5="N","No",IF(OR(Syn_AI_Inventory!P5="Y",Syn_AI_Inventory!Q5="Y",Syn_AI_Inventory!R5="Y"),"Yes","No")) -> No | E5: =ROUND(Config!$B$6*Syn_AI_Inventory!U5+Config!$B$7*Syn_AI_Inventory!V5+Config!$B$8*Syn_AI_Inventory!W5+Config!$B$9*Syn_AI_Inventory!X5,2) -> 3.9 | F5: =INDEX(Config!$B$28:$B$31,MATCH(IF(INDEX(Config!$B$17:$B$24,MATCH(C5,Config!$A$17:$A$24,0))=0,0,MIN(INDEX(Config!$B$17:$B$24,MATCH(C5,Config!$A$17:$A$24,0)),IF(E5>=Config!$B$10,1,IF(E5>=Config!$B$11,2,3)))),Config!$A$28:$A$31,0)) -> T1 - Critical | G5: High-Risk (Annex III) | H5: 0.92 | I5: Use case falls in Annex III domain; profiling or no valid Art.6(3) derogation → high-risk per Art.6(2). | J5: High-Risk (Annex III) | K5: Priya Nair (AI Governance) | L5: 46281 | M5: =IF(G5=J5,"Yes","No") -> Yes | N5: =IF(C5=J5,"Yes","No") -> Yes | P5: =IF(LEFT(Q5,2)="T0","Full review + Legal (T0)",IF(AND(G5=C5,H5>=Config!$B$12,LEFT(F5,2)<>"T1"),"Fast-track (single reviewer)","Full review (2 reviewers)")) -> Full review (2 reviewers) | Q5: =INDEX(Config!$B$28:$B$31,MATCH(IF(INDEX(Config!$B$17:$B$24,MATCH(J5,Config!$A$17:$A$24,0))=0,0,MIN(INDEX(Config!$B$17:$B$24,MATCH(J5,Config!$A$17:$A$24,0)),IF(E5>=Config!$B$10,1,IF(E5>=Config!$B$11,2,3)))),Config!$A$28:$A$31,0)) -> T1 - Critical
A6: =Syn_AI_Inventory!A6 -> AI-002 | B6: =Syn_AI_Inventory!B6 -> Retail Credit Scoring Model | C6: =IF(Syn_AI_Inventory!J6="N","Out of EU AI Act Scope",IF(Syn_AI_Inventory!K6="Y","Prohibited (Art.5)",IF(Syn_AI_Inventory!L6="Y","High-Risk (Annex I)",IF(AND(Syn_AI_Inventory!M6<>"None",OR(Syn_AI_Inventory!N6="Y",Syn_AI_Inventory!O6="N")),"High-Risk (Annex III)",IF(Syn_AI_Inventory!S6="Y",IF(Syn_AI_Inventory!T6>=Config!$B$5,"GPAI with Systemic Risk","GPAI"),IF(OR(Syn_AI_Inventory!P6="Y",Syn_AI_Inventory!Q6="Y"),"Limited Risk (Art.50)","Minimal Risk")))))) -> High-Risk (Annex III) | D6: =IF(Syn_AI_Inventory!J6="N","No",IF(OR(Syn_AI_Inventory!P6="Y",Syn_AI_Inventory!Q6="Y",Syn_AI_Inventory!R6="Y"),"Yes","No")) -> No | E6: =ROUND(Config!$B$6*Syn_AI_Inventory!U6+Config!$B$7*Syn_AI_Inventory!V6+Config!$B$8*Syn_AI_Inventory!W6+Config!$B$9*Syn_AI_Inventory!X6,2) -> 4.9 | F6: =INDEX(Config!$B$28:$B$31,MATCH(IF(INDEX(Config!$B$17:$B$24,MATCH(C6,Config!$A$17:$A$24,0))=0,0,MIN(INDEX(Config!$B$17:$B$24,MATCH(C6,Config!$A$17:$A$24,0)),IF(E6>=Config!$B$10,1,IF(E6>=Config!$B$11,2,3)))),Config!$A$28:$A$31,0)) -> T1 - Critical | G6: High-Risk (Annex III) | H6: 0.87 | I6: Use case falls in Annex III domain; profiling or no valid Art.6(3) derogation → high-risk per Art.6(2). | J6: High-Risk (Annex III) | K6: Priya Nair (AI Governance) | L6: 46276 | M6: =IF(G6=J6,"Yes","No") -> Yes | N6: =IF(C6=J6,"Yes","No") -> Yes | P6: =IF(LEFT(Q6,2)="T0","Full review + Legal (T0)",IF(AND(G6=C6,H6>=Config!$B$12,LEFT(F6,2)<>"T1"),"Fast-track (single reviewer)","Full review (2 reviewers)")) -> Full review (2 reviewers) | Q6: =INDEX(Config!$B$28:$B$31,MATCH(IF(INDEX(Config!$B$17:$B$24,MATCH(J6,Config!$A$17:$A$24,0))=0,0,MIN(INDEX(Config!$B$17:$B$24,MATCH(J6,Config!$A$17:$A$24,0)),IF(E6>=Config!$B$10,1,IF(E6>=Config!$B$11,2,3)))),Config!$A$28:$A$31,0)) -> T1 - Critical
A7: =Syn_AI_Inventory!A7 -> AI-003 | B7: =Syn_AI_Inventory!B7 -> Aria Customer Service Chatbot | C7: =IF(Syn_AI_Inventory!J7="N","Out of EU AI Act Scope",IF(Syn_AI_Inventory!K7="Y","Prohibited (Art.5)",IF(Syn_AI_Inventory!L7="Y","High-Risk (Annex I)",IF(AND(Syn_AI_Inventory!M7<>"None",OR(Syn_AI_Inventory!N7="Y",Syn_AI_Inventory!O7="N")),"High-Risk (Annex III)",IF(Syn_AI_Inventory!S7="Y",IF(Syn_AI_Inventory!T7>=Config!$B$5,"GPAI with Systemic Risk","GPAI"),IF(OR(Syn_AI_Inventory!P7="Y",Syn_AI_Inventory!Q7="Y"),"Limited Risk (Art.50)","Minimal Risk")))))) -> Limited Risk (Art.50) | D7: =IF(Syn_AI_Inventory!J7="N","No",IF(OR(Syn_AI_Inventory!P7="Y",Syn_AI_Inventory!Q7="Y",Syn_AI_Inventory!R7="Y"),"Yes","No")) -> Yes | E7: =ROUND(Config!$B$6*Syn_AI_Inventory!U7+Config!$B$7*Syn_AI_Inventory!V7+Config!$B$8*Syn_AI_Inventory!W7+Config!$B$9*Syn_AI_Inventory!X7,2) -> 3.7 | F7: =INDEX(Config!$B$28:$B$31,MATCH(IF(INDEX(Config!$B$17:$B$24,MATCH(C7,Config!$A$17:$A$24,0))=0,0,MIN(INDEX(Config!$B$17:$B$24,MATCH(C7,Config!$A$17:$A$24,0)),IF(E7>=Config!$B$10,1,IF(E7>=Config!$B$11,2,3)))),Config!$A$28:$A$31,0)) -> T2 - Elevated | G7: Limited Risk (Art.50) | H7: 0.93 | I7: Direct interaction with persons and/or synthetic content generation → Art.50 transparency duties; no Annex III domain. | J7: Limited Risk (Art.50) | K7: L. Okafor (Model Risk) | L7: 46275 | M7: =IF(G7=J7,"Yes","No") -> Yes | N7: =IF(C7=J7,"Yes","No") -> Yes | P7: =IF(LEFT(Q7,2)="T0","Full review + Legal (T0)",IF(AND(G7=C7,H7>=Config!$B$12,LEFT(F7,2)<>"T1"),"Fast-track (single reviewer)","Full review (2 reviewers)")) -> Fast-track (single reviewer) | Q7: =INDEX(Config!$B$28:$B$31,MATCH(IF(INDEX(Config!$B$17:$B$24,MATCH(J7,Config!$A$17:$A$24,0))=0,0,MIN(INDEX(Config!$B$17:$B$24,MATCH(J7,Config!$A$17:$A$24,0)),IF(E7>=Config!$B$10,1,IF(E7>=Config!$B$11,2,3)))),Config!$A$28:$A$31,0)) -> T2 - Elevated
A8: =Syn_AI_Inventory!A8 -> AI-004 | B8: =Syn_AI_Inventory!B8 -> Card Fraud Detection Engine | C8: =IF(Syn_AI_Inventory!J8="N","Out of EU AI Act Scope",IF(Syn_AI_Inventory!K8="Y","Prohibited (Art.5)",IF(Syn_AI_Inventory!L8="Y","High-Risk (Annex I)",IF(AND(Syn_AI_Inventory!M8<>"None",OR(Syn_AI_Inventory!N8="Y",Syn_AI_Inventory!O8="N")),"High-Risk (Annex III)",IF(Syn_AI_Inventory!S8="Y",IF(Syn_AI_Inventory!T8>=Config!$B$5,"GPAI with Systemic Risk","GPAI"),IF(OR(Syn_AI_Inventory!P8="Y",Syn_AI_Inventory!Q8="Y"),"Limited Risk (Art.50)","Minimal Risk")))))) -> Minimal Risk | D8: =IF(Syn_AI_Inventory!J8="N","No",IF(OR(Syn_AI_Inventory!P8="Y",Syn_AI_Inventory!Q8="Y",Syn_AI_Inventory!R8="Y"),"Yes","No")) -> No | E8: =ROUND(Config!$B$6*Syn_AI_Inventory!U8+Config!$B$7*Syn_AI_Inventory!V8+Config!$B$8*Syn_AI_Inventory!W8+Config!$B$9*Syn_AI_Inventory!X8,2) -> 3.8 | F8: =INDEX(Config!$B$28:$B$31,MATCH(IF(INDEX(Config!$B$17:$B$24,MATCH(C8,Config!$A$17:$A$24,0))=0,0,MIN(INDEX(Config!$B$17:$B$24,MATCH(C8,Config!$A$17:$A$24,0)),IF(E8>=Config!$B$10,1,IF(E8>=Config!$B$11,2,3)))),Config!$A$28:$A$31,0)) -> T2 - Elevated | G8: Minimal Risk | H8: 0.92 | I8: No Art.5/Annex III/Art.50 triggers identified; internal governance only. | J8: Minimal Risk | K8: Priya Nair (AI Governance) | L8: 46273 | M8: =IF(G8=J8,"Yes","No") -> Yes | N8: =IF(C8=J8,"Yes","No") -> Yes | P8: =IF(LEFT(Q8,2)="T0","Full review + Legal (T0)",IF(AND(G8=C8,H8>=Config!$B$12,LEFT(F8,2)<>"T1"),"Fast-track (single reviewer)","Full review (2 reviewers)")) -> Fast-track (single reviewer) | Q8: =INDEX(Config!$B$28:$B$31,MATCH(IF(INDEX(Config!$B$17:$B$24,MATCH(J8,Config!$A$17:$A$24,0))=0,0,MIN(INDEX(Config!$B$17:$B$24,MATCH(J8,Config!$A$17:$A$24,0)),IF(E8>=Config!$B$10,1,IF(E8>=Config!$B$11,2,3)))),Config!$A$28:$A$31,0)) -> T2 - Elevated
A9: =Syn_AI_Inventory!A9 -> AI-005 | B9: =Syn_AI_Inventory!B9 -> Marketing Copy Generator | C9: =IF(Syn_AI_Inventory!J9="N","Out of EU AI Act Scope",IF(Syn_AI_Inventory!K9="Y","Prohibited (Art.5)",IF(Syn_AI_Inventory!L9="Y","High-Risk (Annex I)",IF(AND(Syn_AI_Inventory!M9<>"None",OR(Syn_AI_Inventory!N9="Y",Syn_AI_Inventory!O9="N")),"High-Risk (Annex III)",IF(Syn_AI_Inventory!S9="Y",IF(Syn_AI_Inventory!T9>=Config!$B$5,"GPAI with Systemic Risk","GPAI"),IF(OR(Syn_AI_Inventory!P9="Y",Syn_AI_Inventory!Q9="Y"),"Limited Risk (Art.50)","Minimal Risk")))))) -> Limited Risk (Art.50) | D9: =IF(Syn_AI_Inventory!J9="N","No",IF(OR(Syn_AI_Inventory!P9="Y",Syn_AI_Inventory!Q9="Y",Syn_AI_Inventory!R9="Y"),"Yes","No")) -> Yes | E9: =ROUND(Config!$B$6*Syn_AI_Inventory!U9+Config!$B$7*Syn_AI_Inventory!V9+Config!$B$8*Syn_AI_Inventory!W9+Config!$B$9*Syn_AI_Inventory!X9,2) -> 2.2 | F9: =INDEX(Config!$B$28:$B$31,MATCH(IF(INDEX(Config!$B$17:$B$24,MATCH(C9,Config!$A$17:$A$24,0))=0,0,MIN(INDEX(Config!$B$17:$B$24,MATCH(C9,Config!$A$17:$A$24,0)),IF(E9>=Config!$B$10,1,IF(E9>=Config!$B$11,2,3)))),Config!$A$28:$A$31,0)) -> T2 - Elevated | G9: Limited Risk (Art.50) | H9: 0.85 | I9: Direct interaction with persons and/or synthetic content generation → Art.50 transparency duties; no Annex III domain. | J9: Limited Risk (Art.50) | K9: Priya Nair (AI Governance) | L9: 46289 | M9: =IF(G9=J9,"Yes","No") -> Yes | N9: =IF(C9=J9,"Yes","No") -> Yes | P9: =IF(LEFT(Q9,2)="T0","Full review + Legal (T0)",IF(AND(G9=C9,H9>=Config!$B$12,LEFT(F9,2)<>"T1"),"Fast-track (single reviewer)","Full review (2 reviewers)")) -> Fast-track (single reviewer) | Q9: =INDEX(Config!$B$28:$B$31,MATCH(IF(INDEX(Config!$B$17:$B$24,MATCH(J9,Config!$A$17:$A$24,0))=0,0,MIN(INDEX(Config!$B$17:$B$24,MATCH(J9,Config!$A$17:$A$24,0)),IF(E9>=Config!$B$10,1,IF(E9>=Config!$B$11,2,3)))),Config!$A$28:$A$31,0)) -> T2 - Elevated
A10: =Syn_AI_Inventory!A10 -> AI-006 | B10: =Syn_AI_Inventory!B10 -> Employee Performance Analytics | C10: =IF(Syn_AI_Inventory!J10="N","Out of EU AI Act Scope",IF(Syn_AI_Inventory!K10="Y","Prohibited (Art.5)",IF(Syn_AI_Inventory!L10="Y","High-Risk (Annex I)",IF(AND(Syn_AI_Inventory!M10<>"None",OR(Syn_AI_Inventory!N10="Y",Syn_AI_Inventory!O10="N")),"High-Risk (Annex III)",IF(Syn_AI_Inventory!S10="Y",IF(Syn_AI_Inventory!T10>=Config!$B$5,"GPAI with Systemic Risk","GPAI"),IF(OR(Syn_AI_Inventory!P10="Y",Syn_AI_Inventory!Q10="Y"),"Limited Risk (Art.50)","Minimal Risk")))))) -> High-Risk (Annex III) | D10: =IF(Syn_AI_Inventory!J10="N","No",IF(OR(Syn_AI_Inventory!P10="Y",Syn_AI_Inventory!Q10="Y",Syn_AI_Inventory!R10="Y"),"Yes","No")) -> No | E10: =ROUND(Config!$B$6*Syn_AI_Inventory!U10+Config!$B$7*Syn_AI_Inventory!V10+Config!$B$8*Syn_AI_Inventory!W10+Config!$B$9*Syn_AI_Inventory!X10,2) -> 3.6 | F10: =INDEX(Config!$B$28:$B$31,MATCH(IF(INDEX(Config!$B$17:$B$24,MATCH(C10,Config!$A$17:$A$24,0))=0,0,MIN(INDEX(Config!$B$17:$B$24,MATCH(C10,Config!$A$17:$A$24,0)),IF(E10>=Config!$B$10,1,IF(E10>=Config!$B$11,2,3)))),Config!$A$28:$A$31,0)) -> T1 - Critical | G10: Limited Risk (Art.50) | H10: 0.58 | I10: Analytics on employees; no explicit Annex III trigger detected in description. | J10: High-Risk (Annex III) | K10: L. Okafor (Model Risk) | L10: 46273 | M10: =IF(G10=J10,"Yes","No") -> No | N10: =IF(C10=J10,"Yes","No") -> Yes | O10: Annex III(4)(c)/(d) performance monitoring with profiling → high-risk; agent under-classified. | P10: =IF(LEFT(Q10,2)="T0","Full review + Legal (T0)",IF(AND(G10=C10,H10>=Config!$B$12,LEFT(F10,2)<>"T1"),"Fast-track (single reviewer)","Full review (2 reviewers)")) -> Full review (2 reviewers) | Q10: =INDEX(Config!$B$28:$B$31,MATCH(IF(INDEX(Config!$B$17:$B$24,MATCH(J10,Config!$A$17:$A$24,0))=0,0,MIN(INDEX(Config!$B$17:$B$24,MATCH(J10,Config!$A$17:$A$24,0)),IF(E10>=Config!$B$10,1,IF(E10>=Config!$B$11,2,3)))),Config!$A$28:$A$31,0)) -> T1 - Critical
A11: =Syn_AI_Inventory!A11 -> AI-007 | B11: =Syn_AI_Inventory!B11 -> Life Insurance Pricing Model | C11: =IF(Syn_AI_Inventory!J11="N","Out of EU AI Act Scope",IF(Syn_AI_Inventory!K11="Y","Prohibited (Art.5)",IF(Syn_AI_Inventory!L11="Y","High-Risk (Annex I)",IF(AND(Syn_AI_Inventory!M11<>"None",OR(Syn_AI_Inventory!N11="Y",Syn_AI_Inventory!O11="N")),"High-Risk (Annex III)",IF(Syn_AI_Inventory!S11="Y",IF(Syn_AI_Inventory!T11>=Config!$B$5,"GPAI with Systemic Risk","GPAI"),IF(OR(Syn_AI_Inventory!P11="Y",Syn_AI_Inventory!Q11="Y"),"Limited Risk (Art.50)","Minimal Risk")))))) -> High-Risk (Annex III) | D11: =IF(Syn_AI_Inventory!J11="N","No",IF(OR(Syn_AI_Inventory!P11="Y",Syn_AI_Inventory!Q11="Y",Syn_AI_Inventory!R11="Y"),"Yes","No")) -> No | E11: =ROUND(Config!$B$6*Syn_AI_Inventory!U11+Config!$B$7*Syn_AI_Inventory!V11+Config!$B$8*Syn_AI_Inventory!W11+Config!$B$9*Syn_AI_Inventory!X11,2) -> 4.7 | F11: =INDEX(Config!$B$28:$B$31,MATCH(IF(INDEX(Config!$B$17:$B$24,MATCH(C11,Config!$A$17:$A$24,0))=0,0,MIN(INDEX(Config!$B$17:$B$24,MATCH(C11,Config!$A$17:$A$24,0)),IF(E11>=Config!$B$10,1,IF(E11>=Config!$B$11,2,3)))),Config!$A$28:$A$31,0)) -> T1 - Critical | G11: High-Risk (Annex III) | H11: 0.91 | I11: Use case falls in Annex III domain; profiling or no valid Art.6(3) derogation → high-risk per Art.6(2). | J11: High-Risk (Annex III) | K11: L. Okafor (Model Risk) | L11: 46290 | M11: =IF(G11=J11,"Yes","No") -> Yes | N11: =IF(C11=J11,"Yes","No") -> Yes | P11: =IF(LEFT(Q11,2)="T0","Full review + Legal (T0)",IF(AND(G11=C11,H11>=Config!$B$12,LEFT(F11,2)<>"T1"),"Fast-track (single reviewer)","Full review (2 reviewers)")) -> Full review (2 reviewers) | Q11: =INDEX(Config!$B$28:$B$31,MATCH(IF(INDEX(Config!$B$17:$B$24,MATCH(J11,Config!$A$17:$A$24,0))=0,0,MIN(INDEX(Config!$B$17:$B$24,MATCH(J11,Config!$A$17:$A$24,0)),IF(E11>=Config!$B$10,1,IF(E11>=Config!$B$11,2,3)))),Config!$A$28:$A$31,0)) -> T1 - Critical
A12: =Syn_AI_Inventory!A12 -> AI-008 | B12: =Syn_AI_Inventory!B12 -> Claims Triage NLP | C12: =IF(Syn_AI_Inventory!J12="N","Out of EU AI Act Scope",IF(Syn_AI_Inventory!K12="Y","Prohibited (Art.5)",IF(Syn_AI_Inventory!L12="Y","High-Risk (Annex I)",IF(AND(Syn_AI_Inventory!M12<>"None",OR(Syn_AI_Inventory!N12="Y",Syn_AI_Inventory!O12="N")),"High-Risk (Annex III)",IF(Syn_AI_Inventory!S12="Y",IF(Syn_AI_Inventory!T12>=Config!$B$5,"GPAI with Systemic Risk","GPAI"),IF(OR(Syn_AI_Inventory!P12="Y",Syn_AI_Inventory!Q12="Y"),"Limited Risk (Art.50)","Minimal Risk")))))) -> Minimal Risk | D12: =IF(Syn_AI_Inventory!J12="N","No",IF(OR(Syn_AI_Inventory!P12="Y",Syn_AI_Inventory!Q12="Y",Syn_AI_Inventory!R12="Y"),"Yes","No")) -> No | E12: =ROUND(Config!$B$6*Syn_AI_Inventory!U12+Config!$B$7*Syn_AI_Inventory!V12+Config!$B$8*Syn_AI_Inventory!W12+Config!$B$9*Syn_AI_Inventory!X12,2) -> 3.5 | F12: =INDEX(Config!$B$28:$B$31,MATCH(IF(INDEX(Config!$B$17:$B$24,MATCH(C12,Config!$A$17:$A$24,0))=0,0,MIN(INDEX(Config!$B$17:$B$24,MATCH(C12,Config!$A$17:$A$24,0)),IF(E12>=Config!$B$10,1,IF(E12>=Config!$B$11,2,3)))),Config!$A$28:$A$31,0)) -> T2 - Elevated | G12: Minimal Risk | H12: 0.89 | I12: No Art.5/Annex III/Art.50 triggers identified; internal governance only. | J12: Minimal Risk | K12: Marcus Cole (Legal) | L12: 46281 | M12: =IF(G12=J12,"Yes","No") -> Yes | N12: =IF(C12=J12,"Yes","No") -> Yes | P12: =IF(LEFT(Q12,2)="T0","Full review + Legal (T0)",IF(AND(G12=C12,H12>=Config!$B$12,LEFT(F12,2)<>"T1"),"Fast-track (single reviewer)","Full review (2 reviewers)")) -> Fast-track (single reviewer) | Q12: =INDEX(Config!$B$28:$B$31,MATCH(IF(INDEX(Config!$B$17:$B$24,MATCH(J12,Config!$A$17:$A$24,0))=0,0,MIN(INDEX(Config!$B$17:$B$24,MATCH(J12,Config!$A$17:$A$24,0)),IF(E12>=Config!$B$10,1,IF(E12>=Config!$B$11,2,3)))),Config!$A$28:$A$31,0)) -> T2 - Elevated
A13: =Syn_AI_Inventory!A13 -> AI-009 | B13: =Syn_AI_Inventory!B13 -> Call-Centre Emotion Analytics | C13: =IF(Syn_AI_Inventory!J13="N","Out of EU AI Act Scope",IF(Syn_AI_Inventory!K13="Y","Prohibited (Art.5)",IF(Syn_AI_Inventory!L13="Y","High-Risk (Annex I)",IF(AND(Syn_AI_Inventory!M13<>"None",OR(Syn_AI_Inventory!N13="Y",Syn_AI_Inventory!O13="N")),"High-Risk (Annex III)",IF(Syn_AI_Inventory!S13="Y",IF(Syn_AI_Inventory!T13>=Config!$B$5,"GPAI with Systemic Risk","GPAI"),IF(OR(Syn_AI_Inventory!P13="Y",Syn_AI_Inventory!Q13="Y"),"Limited Risk (Art.50)","Minimal Risk")))))) -> Prohibited (Art.5) | D13: =IF(Syn_AI_Inventory!J13="N","No",IF(OR(Syn_AI_Inventory!P13="Y",Syn_AI_Inventory!Q13="Y",Syn_AI_Inventory!R13="Y"),"Yes","No")) -> Yes | E13: =ROUND(Config!$B$6*Syn_AI_Inventory!U13+Config!$B$7*Syn_AI_Inventory!V13+Config!$B$8*Syn_AI_Inventory!W13+Config!$B$9*Syn_AI_Inventory!X13,2) -> 3.9 | F13: =INDEX(Config!$B$28:$B$31,MATCH(IF(INDEX(Config!$B$17:$B$24,MATCH(C13,Config!$A$17:$A$24,0))=0,0,MIN(INDEX(Config!$B$17:$B$24,MATCH(C13,Config!$A$17:$A$24,0)),IF(E13>=Config!$B$10,1,IF(E13>=Config!$B$11,2,3)))),Config!$A$28:$A$31,0)) -> T0 - Stop | G13: Prohibited (Art.5) | H13: 0.95 | I13: Art.5 practice indicators present (see description); prohibited use → stop and escalate to Legal. | J13: Prohibited (Art.5) | K13: Priya Nair (AI Governance) | L13: 46278 | M13: =IF(G13=J13,"Yes","No") -> Yes | N13: =IF(C13=J13,"Yes","No") -> Yes | P13: =IF(LEFT(Q13,2)="T0","Full review + Legal (T0)",IF(AND(G13=C13,H13>=Config!$B$12,LEFT(F13,2)<>"T1"),"Fast-track (single reviewer)","Full review (2 reviewers)")) -> Full review + Legal (T0) | Q13: =INDEX(Config!$B$28:$B$31,MATCH(IF(INDEX(Config!$B$17:$B$24,MATCH(J13,Config!$A$17:$A$24,0))=0,0,MIN(INDEX(Config!$B$17:$B$24,MATCH(J13,Config!$A$17:$A$24,0)),IF(E13>=Config!$B$10,1,IF(E13>=Config!$B$11,2,3)))),Config!$A$28:$A$31,0)) -> T0 - Stop
A14: =Syn_AI_Inventory!A14 -> AI-010 | B14: =Syn_AI_Inventory!B14 -> Store Camera Demographic Analytics (pilot) | C14: =IF(Syn_AI_Inventory!J14="N","Out of EU AI Act Scope",IF(Syn_AI_Inventory!K14="Y","Prohibited (Art.5)",IF(Syn_AI_Inventory!L14="Y","High-Risk (Annex I)",IF(AND(Syn_AI_Inventory!M14<>"None",OR(Syn_AI_Inventory!N14="Y",Syn_AI_Inventory!O14="N")),"High-Risk (Annex III)",IF(Syn_AI_Inventory!S14="Y",IF(Syn_AI_Inventory!T14>=Config!$B$5,"GPAI with Systemic Risk","GPAI"),IF(OR(Syn_AI_Inventory!P14="Y",Syn_AI_Inventory!Q14="Y"),"Limited Risk (Art.50)","Minimal Risk")))))) -> Prohibited (Art.5) | D14: =IF(Syn_AI_Inventory!J14="N","No",IF(OR(Syn_AI_Inventory!P14="Y",Syn_AI_Inventory!Q14="Y",Syn_AI_Inventory!R14="Y"),"Yes","No")) -> Yes | E14: =ROUND(Config!$B$6*Syn_AI_Inventory!U14+Config!$B$7*Syn_AI_Inventory!V14+Config!$B$8*Syn_AI_Inventory!W14+Config!$B$9*Syn_AI_Inventory!X14,2) -> 3.9 | F14: =INDEX(Config!$B$28:$B$31,MATCH(IF(INDEX(Config!$B$17:$B$24,MATCH(C14,Config!$A$17:$A$24,0))=0,0,MIN(INDEX(Config!$B$17:$B$24,MATCH(C14,Config!$A$17:$A$24,0)),IF(E14>=Config!$B$10,1,IF(E14>=Config!$B$11,2,3)))),Config!$A$28:$A$31,0)) -> T0 - Stop | G14: Prohibited (Art.5) | H14: 0.93 | I14: Art.5 practice indicators present (see description); prohibited use → stop and escalate to Legal. | J14: Prohibited (Art.5) | K14: Marcus Cole (Legal) | L14: 46281 | M14: =IF(G14=J14,"Yes","No") -> Yes | N14: =IF(C14=J14,"Yes","No") -> Yes | P14: =IF(LEFT(Q14,2)="T0","Full review + Legal (T0)",IF(AND(G14=C14,H14>=Config!$B$12,LEFT(F14,2)<>"T1"),"Fast-track (single reviewer)","Full review (2 reviewers)")) -> Full review + Legal (T0) | Q14: =INDEX(Config!$B$28:$B$31,MATCH(IF(INDEX(Config!$B$17:$B$24,MATCH(J14,Config!$A$17:$A$24,0))=0,0,MIN(INDEX(Config!$B$17:$B$24,MATCH(J14,Config!$A$17:$A$24,0)),IF(E14>=Config!$B$10,1,IF(E14>=Config!$B$11,2,3)))),Config!$A$28:$A$31,0)) -> T0 - Stop
A15: =Syn_AI_Inventory!A15 -> AI-011 | B15: =Syn_AI_Inventory!B15 -> Voice Cloning IVR | C15: =IF(Syn_AI_Inventory!J15="N","Out of EU AI Act Scope",IF(Syn_AI_Inventory!K15="Y","Prohibited (Art.5)",IF(Syn_AI_Inventory!L15="Y","High-Risk (Annex I)",IF(AND(Syn_AI_Inventory!M15<>"None",OR(Syn_AI_Inventory!N15="Y",Syn_AI_Inventory!O15="N")),"High-Risk (Annex III)",IF(Syn_AI_Inventory!S15="Y",IF(Syn_AI_Inventory!T15>=Config!$B$5,"GPAI with Systemic Risk","GPAI"),IF(OR(Syn_AI_Inventory!P15="Y",Syn_AI_Inventory!Q15="Y"),"Limited Risk (Art.50)","Minimal Risk")))))) -> Limited Risk (Art.50) | D15: =IF(Syn_AI_Inventory!J15="N","No",IF(OR(Syn_AI_Inventory!P15="Y",Syn_AI_Inventory!Q15="Y",Syn_AI_Inventory!R15="Y"),"Yes","No")) -> Yes | E15: =ROUND(Config!$B$6*Syn_AI_Inventory!U15+Config!$B$7*Syn_AI_Inventory!V15+Config!$B$8*Syn_AI_Inventory!W15+Config!$B$9*Syn_AI_Inventory!X15,2) -> 2.8 | F15: =INDEX(Config!$B$28:$B$31,MATCH(IF(INDEX(Config!$B$17:$B$24,MATCH(C15,Config!$A$17:$A$24,0))=0,0,MIN(INDEX(Config!$B$17:$B$24,MATCH(C15,Config!$A$17:$A$24,0)),IF(E15>=Config!$B$10,1,IF(E15>=Config!$B$11,2,3)))),Config!$A$28:$A$31,0)) -> T2 - Elevated | G15: Limited Risk (Art.50) | H15: 0.86 | I15: Direct interaction with persons and/or synthetic content generation → Art.50 transparency duties; no Annex III domain. | J15: Limited Risk (Art.50) | K15: Marcus Cole (Legal) | L15: 46276 | M15: =IF(G15=J15,"Yes","No") -> Yes | N15: =IF(C15=J15,"Yes","No") -> Yes | P15: =IF(LEFT(Q15,2)="T0","Full review + Legal (T0)",IF(AND(G15=C15,H15>=Config!$B$12,LEFT(F15,2)<>"T1"),"Fast-track (single reviewer)","Full review (2 reviewers)")) -> Fast-track (single reviewer) | Q15: =INDEX(Config!$B$28:$B$31,MATCH(IF(INDEX(Config!$B$17:$B$24,MATCH(J15,Config!$A$17:$A$24,0))=0,0,MIN(INDEX(Config!$B$17:$B$24,MATCH(J15,Config!$A$17:$A$24,0)),IF(E15>=Config!$B$10,1,IF(E15>=Config!$B$11,2,3)))),Config!$A$28:$A$31,0)) -> T2 - Elevated
A16: =Syn_AI_Inventory!A16 -> AI-012 | B16: =Syn_AI_Inventory!B16 -> Internal Knowledge Assistant | C16: =IF(Syn_AI_Inventory!J16="N","Out of EU AI Act Scope",IF(Syn_AI_Inventory!K16="Y","Prohibited (Art.5)",IF(Syn_AI_Inventory!L16="Y","High-Risk (Annex I)",IF(AND(Syn_AI_Inventory!M16<>"None",OR(Syn_AI_Inventory!N16="Y",Syn_AI_Inventory!O16="N")),"High-Risk (Annex III)",IF(Syn_AI_Inventory!S16="Y",IF(Syn_AI_Inventory!T16>=Config!$B$5,"GPAI with Systemic Risk","GPAI"),IF(OR(Syn_AI_Inventory!P16="Y",Syn_AI_Inventory!Q16="Y"),"Limited Risk (Art.50)","Minimal Risk")))))) -> Limited Risk (Art.50) | D16: =IF(Syn_AI_Inventory!J16="N","No",IF(OR(Syn_AI_Inventory!P16="Y",Syn_AI_Inventory!Q16="Y",Syn_AI_Inventory!R16="Y"),"Yes","No")) -> Yes | E16: =ROUND(Config!$B$6*Syn_AI_Inventory!U16+Config!$B$7*Syn_AI_Inventory!V16+Config!$B$8*Syn_AI_Inventory!W16+Config!$B$9*Syn_AI_Inventory!X16,2) -> 2.5 | F16: =INDEX(Config!$B$28:$B$31,MATCH(IF(INDEX(Config!$B$17:$B$24,MATCH(C16,Config!$A$17:$A$24,0))=0,0,MIN(INDEX(Config!$B$17:$B$24,MATCH(C16,Config!$A$17:$A$24,0)),IF(E16>=Config!$B$10,1,IF(E16>=Config!$B$11,2,3)))),Config!$A$28:$A$31,0)) -> T2 - Elevated | G16: Limited Risk (Art.50) | H16: 0.85 | I16: Direct interaction with persons and/or synthetic content generation → Art.50 transparency duties; no Annex III domain. | J16: Limited Risk (Art.50) | K16: Priya Nair (AI Governance) | L16: 46284 | M16: =IF(G16=J16,"Yes","No") -> Yes | N16: =IF(C16=J16,"Yes","No") -> Yes | P16: =IF(LEFT(Q16,2)="T0","Full review + Legal (T0)",IF(AND(G16=C16,H16>=Config!$B$12,LEFT(F16,2)<>"T1"),"Fast-track (single reviewer)","Full review (2 reviewers)")) -> Fast-track (single reviewer) | Q16: =INDEX(Config!$B$28:$B$31,MATCH(IF(INDEX(Config!$B$17:$B$24,MATCH(J16,Config!$A$17:$A$24,0))=0,0,MIN(INDEX(Config!$B$17:$B$24,MATCH(J16,Config!$A$17:$A$24,0)),IF(E16>=Config!$B$10,1,IF(E16>=Config!$B$11,2,3)))),Config!$A$28:$A$31,0)) -> T2 - Elevated
A17: =Syn_AI_Inventory!A17 -> AI-013 | B17: =Syn_AI_Inventory!B17 -> NorthLM-70B Foundation Model | C17: =IF(Syn_AI_Inventory!J17="N","Out of EU AI Act Scope",IF(Syn_AI_Inventory!K17="Y","Prohibited (Art.5)",IF(Syn_AI_Inventory!L17="Y","High-Risk (Annex I)",IF(AND(Syn_AI_Inventory!M17<>"None",OR(Syn_AI_Inventory!N17="Y",Syn_AI_Inventory!O17="N")),"High-Risk (Annex III)",IF(Syn_AI_Inventory!S17="Y",IF(Syn_AI_Inventory!T17>=Config!$B$5,"GPAI with Systemic Risk","GPAI"),IF(OR(Syn_AI_Inventory!P17="Y",Syn_AI_Inventory!Q17="Y"),"Limited Risk (Art.50)","Minimal Risk")))))) -> GPAI | D17: =IF(Syn_AI_Inventory!J17="N","No",IF(OR(Syn_AI_Inventory!P17="Y",Syn_AI_Inventory!Q17="Y",Syn_AI_Inventory!R17="Y"),"Yes","No")) -> No | E17: =ROUND(Config!$B$6*Syn_AI_Inventory!U17+Config!$B$7*Syn_AI_Inventory!V17+Config!$B$8*Syn_AI_Inventory!W17+Config!$B$9*Syn_AI_Inventory!X17,2) -> 3.3 | F17: =INDEX(Config!$B$28:$B$31,MATCH(IF(INDEX(Config!$B$17:$B$24,MATCH(C17,Config!$A$17:$A$24,0))=0,0,MIN(INDEX(Config!$B$17:$B$24,MATCH(C17,Config!$A$17:$A$24,0)),IF(E17>=Config!$B$10,1,IF(E17>=Config!$B$11,2,3)))),Config!$A$28:$A$31,0)) -> T2 - Elevated | G17: GPAI | H17: 0.95 | I17: General-purpose model provided; compute below systemic-risk threshold (Art.51(2)). | J17: GPAI | K17: L. Okafor (Model Risk) | L17: 46281 | M17: =IF(G17=J17,"Yes","No") -> Yes | N17: =IF(C17=J17,"Yes","No") -> Yes | P17: =IF(LEFT(Q17,2)="T0","Full review + Legal (T0)",IF(AND(G17=C17,H17>=Config!$B$12,LEFT(F17,2)<>"T1"),"Fast-track (single reviewer)","Full review (2 reviewers)")) -> Fast-track (single reviewer) | Q17: =INDEX(Config!$B$28:$B$31,MATCH(IF(INDEX(Config!$B$17:$B$24,MATCH(J17,Config!$A$17:$A$24,0))=0,0,MIN(INDEX(Config!$B$17:$B$24,MATCH(J17,Config!$A$17:$A$24,0)),IF(E17>=Config!$B$10,1,IF(E17>=Config!$B$11,2,3)))),Config!$A$28:$A$31,0)) -> T2 - Elevated
A18: =Syn_AI_Inventory!A18 -> AI-014 | B18: =Syn_AI_Inventory!B18 -> Developer Code Assistant | C18: =IF(Syn_AI_Inventory!J18="N","Out of EU AI Act Scope",IF(Syn_AI_Inventory!K18="Y","Prohibited (Art.5)",IF(Syn_AI_Inventory!L18="Y","High-Risk (Annex I)",IF(AND(Syn_AI_Inventory!M18<>"None",OR(Syn_AI_Inventory!N18="Y",Syn_AI_Inventory!O18="N")),"High-Risk (Annex III)",IF(Syn_AI_Inventory!S18="Y",IF(Syn_AI_Inventory!T18>=Config!$B$5,"GPAI with Systemic Risk","GPAI"),IF(OR(Syn_AI_Inventory!P18="Y",Syn_AI_Inventory!Q18="Y"),"Limited Risk (Art.50)","Minimal Risk")))))) -> Minimal Risk | D18: =IF(Syn_AI_Inventory!J18="N","No",IF(OR(Syn_AI_Inventory!P18="Y",Syn_AI_Inventory!Q18="Y",Syn_AI_Inventory!R18="Y"),"Yes","No")) -> No | E18: =ROUND(Config!$B$6*Syn_AI_Inventory!U18+Config!$B$7*Syn_AI_Inventory!V18+Config!$B$8*Syn_AI_Inventory!W18+Config!$B$9*Syn_AI_Inventory!X18,2) -> 1.6 | F18: =INDEX(Config!$B$28:$B$31,MATCH(IF(INDEX(Config!$B$17:$B$24,MATCH(C18,Config!$A$17:$A$24,0))=0,0,MIN(INDEX(Config!$B$17:$B$24,MATCH(C18,Config!$A$17:$A$24,0)),IF(E18>=Config!$B$10,1,IF(E18>=Config!$B$11,2,3)))),Config!$A$28:$A$31,0)) -> T3 - Standard | G18: Minimal Risk | H18: 0.88 | I18: No Art.5/Annex III/Art.50 triggers identified; internal governance only. | J18: Minimal Risk | K18: L. Okafor (Model Risk) | L18: 46287 | M18: =IF(G18=J18,"Yes","No") -> Yes | N18: =IF(C18=J18,"Yes","No") -> Yes | P18: =IF(LEFT(Q18,2)="T0","Full review + Legal (T0)",IF(AND(G18=C18,H18>=Config!$B$12,LEFT(F18,2)<>"T1"),"Fast-track (single reviewer)","Full review (2 reviewers)")) -> Fast-track (single reviewer) | Q18: =INDEX(Config!$B$28:$B$31,MATCH(IF(INDEX(Config!$B$17:$B$24,MATCH(J18,Config!$A$17:$A$24,0))=0,0,MIN(INDEX(Config!$B$17:$B$24,MATCH(J18,Config!$A$17:$A$24,0)),IF(E18>=Config!$B$10,1,IF(E18>=Config!$B$11,2,3)))),Config!$A$28:$A$31,0)) -> T3 - Standard
A19: =Syn_AI_Inventory!A19 -> AI-015 | B19: =Syn_AI_Inventory!B19 -> Trading Anomaly Detection | C19: =IF(Syn_AI_Inventory!J19="N","Out of EU AI Act Scope",IF(Syn_AI_Inventory!K19="Y","Prohibited (Art.5)",IF(Syn_AI_Inventory!L19="Y","High-Risk (Annex I)",IF(AND(Syn_AI_Inventory!M19<>"None",OR(Syn_AI_Inventory!N19="Y",Syn_AI_Inventory!O19="N")),"High-Risk (Annex III)",IF(Syn_AI_Inventory!S19="Y",IF(Syn_AI_Inventory!T19>=Config!$B$5,"GPAI with Systemic Risk","GPAI"),IF(OR(Syn_AI_Inventory!P19="Y",Syn_AI_Inventory!Q19="Y"),"Limited Risk (Art.50)","Minimal Risk")))))) -> Minimal Risk | D19: =IF(Syn_AI_Inventory!J19="N","No",IF(OR(Syn_AI_Inventory!P19="Y",Syn_AI_Inventory!Q19="Y",Syn_AI_Inventory!R19="Y"),"Yes","No")) -> No | E19: =ROUND(Config!$B$6*Syn_AI_Inventory!U19+Config!$B$7*Syn_AI_Inventory!V19+Config!$B$8*Syn_AI_Inventory!W19+Config!$B$9*Syn_AI_Inventory!X19,2) -> 2.8 | F19: =INDEX(Config!$B$28:$B$31,MATCH(IF(INDEX(Config!$B$17:$B$24,MATCH(C19,Config!$A$17:$A$24,0))=0,0,MIN(INDEX(Config!$B$17:$B$24,MATCH(C19,Config!$A$17:$A$24,0)),IF(E19>=Config!$B$10,1,IF(E19>=Config!$B$11,2,3)))),Config!$A$28:$A$31,0)) -> T3 - Standard | G19: Minimal Risk | H19: 0.91 | I19: No Art.5/Annex III/Art.50 triggers identified; internal governance only. | J19: Minimal Risk | K19: Marcus Cole (Legal) | L19: 46275 | M19: =IF(G19=J19,"Yes","No") -> Yes | N19: =IF(C19=J19,"Yes","No") -> Yes | P19: =IF(LEFT(Q19,2)="T0","Full review + Legal (T0)",IF(AND(G19=C19,H19>=Config!$B$12,LEFT(F19,2)<>"T1"),"Fast-track (single reviewer)","Full review (2 reviewers)")) -> Fast-track (single reviewer) | Q19: =INDEX(Config!$B$28:$B$31,MATCH(IF(INDEX(Config!$B$17:$B$24,MATCH(J19,Config!$A$17:$A$24,0))=0,0,MIN(INDEX(Config!$B$17:$B$24,MATCH(J19,Config!$A$17:$A$24,0)),IF(E19>=Config!$B$10,1,IF(E19>=Config!$B$11,2,3)))),Config!$A$28:$A$31,0)) -> T3 - Standard
A20: =Syn_AI_Inventory!A20 -> AI-016 | B20: =Syn_AI_Inventory!B20 -> APAC Branch Credit Pre-Screen (Singapore only) | C20: =IF(Syn_AI_Inventory!J20="N","Out of EU AI Act Scope",IF(Syn_AI_Inventory!K20="Y","Prohibited (Art.5)",IF(Syn_AI_Inventory!L20="Y","High-Risk (Annex I)",IF(AND(Syn_AI_Inventory!M20<>"None",OR(Syn_AI_Inventory!N20="Y",Syn_AI_Inventory!O20="N")),"High-Risk (Annex III)",IF(Syn_AI_Inventory!S20="Y",IF(Syn_AI_Inventory!T20>=Config!$B$5,"GPAI with Systemic Risk","GPAI"),IF(OR(Syn_AI_Inventory!P20="Y",Syn_AI_Inventory!Q20="Y"),"Limited Risk (Art.50)","Minimal Risk")))))) -> Out of EU AI Act Scope | D20: =IF(Syn_AI_Inventory!J20="N","No",IF(OR(Syn_AI_Inventory!P20="Y",Syn_AI_Inventory!Q20="Y",Syn_AI_Inventory!R20="Y"),"Yes","No")) -> No | E20: =ROUND(Config!$B$6*Syn_AI_Inventory!U20+Config!$B$7*Syn_AI_Inventory!V20+Config!$B$8*Syn_AI_Inventory!W20+Config!$B$9*Syn_AI_Inventory!X20,2) -> 4 | F20: =INDEX(Config!$B$28:$B$31,MATCH(IF(INDEX(Config!$B$17:$B$24,MATCH(C20,Config!$A$17:$A$24,0))=0,0,MIN(INDEX(Config!$B$17:$B$24,MATCH(C20,Config!$A$17:$A$24,0)),IF(E20>=Config!$B$10,1,IF(E20>=Config!$B$11,2,3)))),Config!$A$28:$A$31,0)) -> T1 - Critical | G20: Out of EU AI Act Scope | H20: 0.91 | I20: No EU nexus declared; apply internal tiering only. | J20: Out of EU AI Act Scope | K20: L. Okafor (Model Risk) | L20: 46284 | M20: =IF(G20=J20,"Yes","No") -> Yes | N20: =IF(C20=J20,"Yes","No") -> Yes | P20: =IF(LEFT(Q20,2)="T0","Full review + Legal (T0)",IF(AND(G20=C20,H20>=Config!$B$12,LEFT(F20,2)<>"T1"),"Fast-track (single reviewer)","Full review (2 reviewers)")) -> Full review (2 reviewers) | Q20: =INDEX(Config!$B$28:$B$31,MATCH(IF(INDEX(Config!$B$17:$B$24,MATCH(J20,Config!$A$17:$A$24,0))=0,0,MIN(INDEX(Config!$B$17:$B$24,MATCH(J20,Config!$A$17:$A$24,0)),IF(E20>=Config!$B$10,1,IF(E20>=Config!$B$11,2,3)))),Config!$A$28:$A$31,0)) -> T1 - Critical
A21: =Syn_AI_Inventory!A21 -> AI-017 | B21: =Syn_AI_Inventory!B21 -> Loan Document OCR & Extraction | C21: =IF(Syn_AI_Inventory!J21="N","Out of EU AI Act Scope",IF(Syn_AI_Inventory!K21="Y","Prohibited (Art.5)",IF(Syn_AI_Inventory!L21="Y","High-Risk (Annex I)",IF(AND(Syn_AI_Inventory!M21<>"None",OR(Syn_AI_Inventory!N21="Y",Syn_AI_Inventory!O21="N")),"High-Risk (Annex III)",IF(Syn_AI_Inventory!S21="Y",IF(Syn_AI_Inventory!T21>=Config!$B$5,"GPAI with Systemic Risk","GPAI"),IF(OR(Syn_AI_Inventory!P21="Y",Syn_AI_Inventory!Q21="Y"),"Limited Risk (Art.50)","Minimal Risk")))))) -> Minimal Risk | D21: =IF(Syn_AI_Inventory!J21="N","No",IF(OR(Syn_AI_Inventory!P21="Y",Syn_AI_Inventory!Q21="Y",Syn_AI_Inventory!R21="Y"),"Yes","No")) -> No | E21: =ROUND(Config!$B$6*Syn_AI_Inventory!U21+Config!$B$7*Syn_AI_Inventory!V21+Config!$B$8*Syn_AI_Inventory!W21+Config!$B$9*Syn_AI_Inventory!X21,2) -> 3.1 | F21: =INDEX(Config!$B$28:$B$31,MATCH(IF(INDEX(Config!$B$17:$B$24,MATCH(C21,Config!$A$17:$A$24,0))=0,0,MIN(INDEX(Config!$B$17:$B$24,MATCH(C21,Config!$A$17:$A$24,0)),IF(E21>=Config!$B$10,1,IF(E21>=Config!$B$11,2,3)))),Config!$A$28:$A$31,0)) -> T2 - Elevated | G21: High-Risk (Annex III) | H21: 0.62 | I21: Essential-services domain (credit-related); conservative view that derogation may not hold. Requires reviewer challenge of Art.6(3)(a) claim. | J21: Minimal Risk | K21: Priya Nair (AI Governance) | L21: 46279 | M21: =IF(G21=J21,"Yes","No") -> No | N21: =IF(C21=J21,"Yes","No") -> Yes | O21: Art.6(3)(a) narrow procedural task accepted; assessment documented and retained. | P21: =IF(LEFT(Q21,2)="T0","Full review + Legal (T0)",IF(AND(G21=C21,H21>=Config!$B$12,LEFT(F21,2)<>"T1"),"Fast-track (single reviewer)","Full review (2 reviewers)")) -> Full review (2 reviewers) | Q21: =INDEX(Config!$B$28:$B$31,MATCH(IF(INDEX(Config!$B$17:$B$24,MATCH(J21,Config!$A$17:$A$24,0))=0,0,MIN(INDEX(Config!$B$17:$B$24,MATCH(J21,Config!$A$17:$A$24,0)),IF(E21>=Config!$B$10,1,IF(E21>=Config!$B$11,2,3)))),Config!$A$28:$A$31,0)) -> T2 - Elevated
A22: =Syn_AI_Inventory!A22 -> AI-018 | B22: =Syn_AI_Inventory!B22 -> Shift Scheduling Optimiser | C22: =IF(Syn_AI_Inventory!J22="N","Out of EU AI Act Scope",IF(Syn_AI_Inventory!K22="Y","Prohibited (Art.5)",IF(Syn_AI_Inventory!L22="Y","High-Risk (Annex I)",IF(AND(Syn_AI_Inventory!M22<>"None",OR(Syn_AI_Inventory!N22="Y",Syn_AI_Inventory!O22="N")),"High-Risk (Annex III)",IF(Syn_AI_Inventory!S22="Y",IF(Syn_AI_Inventory!T22>=Config!$B$5,"GPAI with Systemic Risk","GPAI"),IF(OR(Syn_AI_Inventory!P22="Y",Syn_AI_Inventory!Q22="Y"),"Limited Risk (Art.50)","Minimal Risk")))))) -> High-Risk (Annex III) | D22: =IF(Syn_AI_Inventory!J22="N","No",IF(OR(Syn_AI_Inventory!P22="Y",Syn_AI_Inventory!Q22="Y",Syn_AI_Inventory!R22="Y"),"Yes","No")) -> No | E22: =ROUND(Config!$B$6*Syn_AI_Inventory!U22+Config!$B$7*Syn_AI_Inventory!V22+Config!$B$8*Syn_AI_Inventory!W22+Config!$B$9*Syn_AI_Inventory!X22,2) -> 3 | F22: =INDEX(Config!$B$28:$B$31,MATCH(IF(INDEX(Config!$B$17:$B$24,MATCH(C22,Config!$A$17:$A$24,0))=0,0,MIN(INDEX(Config!$B$17:$B$24,MATCH(C22,Config!$A$17:$A$24,0)),IF(E22>=Config!$B$10,1,IF(E22>=Config!$B$11,2,3)))),Config!$A$28:$A$31,0)) -> T1 - Critical | G22: High-Risk (Annex III) | H22: 0.93 | I22: Use case falls in Annex III domain; profiling or no valid Art.6(3) derogation → high-risk per Art.6(2). | J22: High-Risk (Annex III) | K22: Priya Nair (AI Governance) | L22: 46280 | M22: =IF(G22=J22,"Yes","No") -> Yes | N22: =IF(C22=J22,"Yes","No") -> Yes | P22: =IF(LEFT(Q22,2)="T0","Full review + Legal (T0)",IF(AND(G22=C22,H22>=Config!$B$12,LEFT(F22,2)<>"T1"),"Fast-track (single reviewer)","Full review (2 reviewers)")) -> Full review (2 reviewers) | Q22: =INDEX(Config!$B$28:$B$31,MATCH(IF(INDEX(Config!$B$17:$B$24,MATCH(J22,Config!$A$17:$A$24,0))=0,0,MIN(INDEX(Config!$B$17:$B$24,MATCH(J22,Config!$A$17:$A$24,0)),IF(E22>=Config!$B$10,1,IF(E22>=Config!$B$11,2,3)))),Config!$A$28:$A$31,0)) -> T1 - Critical
A23: =Syn_AI_Inventory!A23 -> AI-019 | B23: =Syn_AI_Inventory!B23 -> Facility Energy Optimiser | C23: =IF(Syn_AI_Inventory!J23="N","Out of EU AI Act Scope",IF(Syn_AI_Inventory!K23="Y","Prohibited (Art.5)",IF(Syn_AI_Inventory!L23="Y","High-Risk (Annex I)",IF(AND(Syn_AI_Inventory!M23<>"None",OR(Syn_AI_Inventory!N23="Y",Syn_AI_Inventory!O23="N")),"High-Risk (Annex III)",IF(Syn_AI_Inventory!S23="Y",IF(Syn_AI_Inventory!T23>=Config!$B$5,"GPAI with Systemic Risk","GPAI"),IF(OR(Syn_AI_Inventory!P23="Y",Syn_AI_Inventory!Q23="Y"),"Limited Risk (Art.50)","Minimal Risk")))))) -> Minimal Risk | D23: =IF(Syn_AI_Inventory!J23="N","No",IF(OR(Syn_AI_Inventory!P23="Y",Syn_AI_Inventory!Q23="Y",Syn_AI_Inventory!R23="Y"),"Yes","No")) -> No | E23: =ROUND(Config!$B$6*Syn_AI_Inventory!U23+Config!$B$7*Syn_AI_Inventory!V23+Config!$B$8*Syn_AI_Inventory!W23+Config!$B$9*Syn_AI_Inventory!X23,2) -> 1.5 | F23: =INDEX(Config!$B$28:$B$31,MATCH(IF(INDEX(Config!$B$17:$B$24,MATCH(C23,Config!$A$17:$A$24,0))=0,0,MIN(INDEX(Config!$B$17:$B$24,MATCH(C23,Config!$A$17:$A$24,0)),IF(E23>=Config!$B$10,1,IF(E23>=Config!$B$11,2,3)))),Config!$A$28:$A$31,0)) -> T3 - Standard | G23: Minimal Risk | H23: 0.94 | I23: No Art.5/Annex III/Art.50 triggers identified; internal governance only. | J23: Minimal Risk | K23: Priya Nair (AI Governance) | L23: 46280 | M23: =IF(G23=J23,"Yes","No") -> Yes | N23: =IF(C23=J23,"Yes","No") -> Yes | P23: =IF(LEFT(Q23,2)="T0","Full review + Legal (T0)",IF(AND(G23=C23,H23>=Config!$B$12,LEFT(F23,2)<>"T1"),"Fast-track (single reviewer)","Full review (2 reviewers)")) -> Fast-track (single reviewer) | Q23: =INDEX(Config!$B$28:$B$31,MATCH(IF(INDEX(Config!$B$17:$B$24,MATCH(J23,Config!$A$17:$A$24,0))=0,0,MIN(INDEX(Config!$B$17:$B$24,MATCH(J23,Config!$A$17:$A$24,0)),IF(E23>=Config!$B$10,1,IF(E23>=Config!$B$11,2,3)))),Config!$A$28:$A$31,0)) -> T3 - Standard
A24: =Syn_AI_Inventory!A24 -> AI-020 | B24: =Syn_AI_Inventory!B24 -> Graduate Programme Admissions Ranker | C24: =IF(Syn_AI_Inventory!J24="N","Out of EU AI Act Scope",IF(Syn_AI_Inventory!K24="Y","Prohibited (Art.5)",IF(Syn_AI_Inventory!L24="Y","High-Risk (Annex I)",IF(AND(Syn_AI_Inventory!M24<>"None",OR(Syn_AI_Inventory!N24="Y",Syn_AI_Inventory!O24="N")),"High-Risk (Annex III)",IF(Syn_AI_Inventory!S24="Y",IF(Syn_AI_Inventory!T24>=Config!$B$5,"GPAI with Systemic Risk","GPAI"),IF(OR(Syn_AI_Inventory!P24="Y",Syn_AI_Inventory!Q24="Y"),"Limited Risk (Art.50)","Minimal Risk")))))) -> High-Risk (Annex III) | D24: =IF(Syn_AI_Inventory!J24="N","No",IF(OR(Syn_AI_Inventory!P24="Y",Syn_AI_Inventory!Q24="Y",Syn_AI_Inventory!R24="Y"),"Yes","No")) -> No | E24: =ROUND(Config!$B$6*Syn_AI_Inventory!U24+Config!$B$7*Syn_AI_Inventory!V24+Config!$B$8*Syn_AI_Inventory!W24+Config!$B$9*Syn_AI_Inventory!X24,2) -> 3.4 | F24: =INDEX(Config!$B$28:$B$31,MATCH(IF(INDEX(Config!$B$17:$B$24,MATCH(C24,Config!$A$17:$A$24,0))=0,0,MIN(INDEX(Config!$B$17:$B$24,MATCH(C24,Config!$A$17:$A$24,0)),IF(E24>=Config!$B$10,1,IF(E24>=Config!$B$11,2,3)))),Config!$A$28:$A$31,0)) -> T1 - Critical | G24: High-Risk (Annex III) | H24: 0.95 | I24: Use case falls in Annex III domain; profiling or no valid Art.6(3) derogation → high-risk per Art.6(2). | J24: High-Risk (Annex III) | K24: Marcus Cole (Legal) | L24: 46281 | M24: =IF(G24=J24,"Yes","No") -> Yes | N24: =IF(C24=J24,"Yes","No") -> Yes | P24: =IF(LEFT(Q24,2)="T0","Full review + Legal (T0)",IF(AND(G24=C24,H24>=Config!$B$12,LEFT(F24,2)<>"T1"),"Fast-track (single reviewer)","Full review (2 reviewers)")) -> Full review (2 reviewers) | Q24: =INDEX(Config!$B$28:$B$31,MATCH(IF(INDEX(Config!$B$17:$B$24,MATCH(J24,Config!$A$17:$A$24,0))=0,0,MIN(INDEX(Config!$B$17:$B$24,MATCH(J24,Config!$A$17:$A$24,0)),IF(E24>=Config!$B$10,1,IF(E24>=Config!$B$11,2,3)))),Config!$A$28:$A$31,0)) -> T1 - Critical
A25: =Syn_AI_Inventory!A25 -> AI-021 | B25: =Syn_AI_Inventory!B25 -> Synthetic Training Video Generator | C25: =IF(Syn_AI_Inventory!J25="N","Out of EU AI Act Scope",IF(Syn_AI_Inventory!K25="Y","Prohibited (Art.5)",IF(Syn_AI_Inventory!L25="Y","High-Risk (Annex I)",IF(AND(Syn_AI_Inventory!M25<>"None",OR(Syn_AI_Inventory!N25="Y",Syn_AI_Inventory!O25="N")),"High-Risk (Annex III)",IF(Syn_AI_Inventory!S25="Y",IF(Syn_AI_Inventory!T25>=Config!$B$5,"GPAI with Systemic Risk","GPAI"),IF(OR(Syn_AI_Inventory!P25="Y",Syn_AI_Inventory!Q25="Y"),"Limited Risk (Art.50)","Minimal Risk")))))) -> Limited Risk (Art.50) | D25: =IF(Syn_AI_Inventory!J25="N","No",IF(OR(Syn_AI_Inventory!P25="Y",Syn_AI_Inventory!Q25="Y",Syn_AI_Inventory!R25="Y"),"Yes","No")) -> Yes | E25: =ROUND(Config!$B$6*Syn_AI_Inventory!U25+Config!$B$7*Syn_AI_Inventory!V25+Config!$B$8*Syn_AI_Inventory!W25+Config!$B$9*Syn_AI_Inventory!X25,2) -> 1.3 | F25: =INDEX(Config!$B$28:$B$31,MATCH(IF(INDEX(Config!$B$17:$B$24,MATCH(C25,Config!$A$17:$A$24,0))=0,0,MIN(INDEX(Config!$B$17:$B$24,MATCH(C25,Config!$A$17:$A$24,0)),IF(E25>=Config!$B$10,1,IF(E25>=Config!$B$11,2,3)))),Config!$A$28:$A$31,0)) -> T2 - Elevated | G25: Limited Risk (Art.50) | H25: 0.9 | I25: Direct interaction with persons and/or synthetic content generation → Art.50 transparency duties; no Annex III domain. | J25: Limited Risk (Art.50) | K25: Marcus Cole (Legal) | L25: 46278 | M25: =IF(G25=J25,"Yes","No") -> Yes | N25: =IF(C25=J25,"Yes","No") -> Yes | P25: =IF(LEFT(Q25,2)="T0","Full review + Legal (T0)",IF(AND(G25=C25,H25>=Config!$B$12,LEFT(F25,2)<>"T1"),"Fast-track (single reviewer)","Full review (2 reviewers)")) -> Fast-track (single reviewer) | Q25: =INDEX(Config!$B$28:$B$31,MATCH(IF(INDEX(Config!$B$17:$B$24,MATCH(J25,Config!$A$17:$A$24,0))=0,0,MIN(INDEX(Config!$B$17:$B$24,MATCH(J25,Config!$A$17:$A$24,0)),IF(E25>=Config!$B$10,1,IF(E25>=Config!$B$11,2,3)))),Config!$A$28:$A$31,0)) -> T2 - Elevated
A26: =Syn_AI_Inventory!A26 -> AI-022 | B26: =Syn_AI_Inventory!B26 -> AML Transaction Monitoring | C26: =IF(Syn_AI_Inventory!J26="N","Out of EU AI Act Scope",IF(Syn_AI_Inventory!K26="Y","Prohibited (Art.5)",IF(Syn_AI_Inventory!L26="Y","High-Risk (Annex I)",IF(AND(Syn_AI_Inventory!M26<>"None",OR(Syn_AI_Inventory!N26="Y",Syn_AI_Inventory!O26="N")),"High-Risk (Annex III)",IF(Syn_AI_Inventory!S26="Y",IF(Syn_AI_Inventory!T26>=Config!$B$5,"GPAI with Systemic Risk","GPAI"),IF(OR(Syn_AI_Inventory!P26="Y",Syn_AI_Inventory!Q26="Y"),"Limited Risk (Art.50)","Minimal Risk")))))) -> Minimal Risk | D26: =IF(Syn_AI_Inventory!J26="N","No",IF(OR(Syn_AI_Inventory!P26="Y",Syn_AI_Inventory!Q26="Y",Syn_AI_Inventory!R26="Y"),"Yes","No")) -> No | E26: =ROUND(Config!$B$6*Syn_AI_Inventory!U26+Config!$B$7*Syn_AI_Inventory!V26+Config!$B$8*Syn_AI_Inventory!W26+Config!$B$9*Syn_AI_Inventory!X26,2) -> 4.1 | F26: =INDEX(Config!$B$28:$B$31,MATCH(IF(INDEX(Config!$B$17:$B$24,MATCH(C26,Config!$A$17:$A$24,0))=0,0,MIN(INDEX(Config!$B$17:$B$24,MATCH(C26,Config!$A$17:$A$24,0)),IF(E26>=Config!$B$10,1,IF(E26>=Config!$B$11,2,3)))),Config!$A$28:$A$31,0)) -> T1 - Critical | G26: Minimal Risk | H26: 0.89 | I26: No Art.5/Annex III/Art.50 triggers identified; internal governance only. | J26: Minimal Risk | K26: Priya Nair (AI Governance) | L26: 46281 | M26: =IF(G26=J26,"Yes","No") -> Yes | N26: =IF(C26=J26,"Yes","No") -> Yes | P26: =IF(LEFT(Q26,2)="T0","Full review + Legal (T0)",IF(AND(G26=C26,H26>=Config!$B$12,LEFT(F26,2)<>"T1"),"Fast-track (single reviewer)","Full review (2 reviewers)")) -> Full review (2 reviewers) | Q26: =INDEX(Config!$B$28:$B$31,MATCH(IF(INDEX(Config!$B$17:$B$24,MATCH(J26,Config!$A$17:$A$24,0))=0,0,MIN(INDEX(Config!$B$17:$B$24,MATCH(J26,Config!$A$17:$A$24,0)),IF(E26>=Config!$B$10,1,IF(E26>=Config!$B$11,2,3)))),Config!$A$28:$A$31,0)) -> T1 - Critical
A27: =Syn_AI_Inventory!A27 -> AI-023 | B27: =Syn_AI_Inventory!B27 -> Voice Biometric Authentication | C27: =IF(Syn_AI_Inventory!J27="N","Out of EU AI Act Scope",IF(Syn_AI_Inventory!K27="Y","Prohibited (Art.5)",IF(Syn_AI_Inventory!L27="Y","High-Risk (Annex I)",IF(AND(Syn_AI_Inventory!M27<>"None",OR(Syn_AI_Inventory!N27="Y",Syn_AI_Inventory!O27="N")),"High-Risk (Annex III)",IF(Syn_AI_Inventory!S27="Y",IF(Syn_AI_Inventory!T27>=Config!$B$5,"GPAI with Systemic Risk","GPAI"),IF(OR(Syn_AI_Inventory!P27="Y",Syn_AI_Inventory!Q27="Y"),"Limited Risk (Art.50)","Minimal Risk")))))) -> Minimal Risk | D27: =IF(Syn_AI_Inventory!J27="N","No",IF(OR(Syn_AI_Inventory!P27="Y",Syn_AI_Inventory!Q27="Y",Syn_AI_Inventory!R27="Y"),"Yes","No")) -> No | E27: =ROUND(Config!$B$6*Syn_AI_Inventory!U27+Config!$B$7*Syn_AI_Inventory!V27+Config!$B$8*Syn_AI_Inventory!W27+Config!$B$9*Syn_AI_Inventory!X27,2) -> 4 | F27: =INDEX(Config!$B$28:$B$31,MATCH(IF(INDEX(Config!$B$17:$B$24,MATCH(C27,Config!$A$17:$A$24,0))=0,0,MIN(INDEX(Config!$B$17:$B$24,MATCH(C27,Config!$A$17:$A$24,0)),IF(E27>=Config!$B$10,1,IF(E27>=Config!$B$11,2,3)))),Config!$A$28:$A$31,0)) -> T1 - Critical | G27: Minimal Risk | H27: 0.93 | I27: No Art.5/Annex III/Art.50 triggers identified; internal governance only. | J27: Minimal Risk | K27: L. Okafor (Model Risk) | L27: 46275 | M27: =IF(G27=J27,"Yes","No") -> Yes | N27: =IF(C27=J27,"Yes","No") -> Yes | P27: =IF(LEFT(Q27,2)="T0","Full review + Legal (T0)",IF(AND(G27=C27,H27>=Config!$B$12,LEFT(F27,2)<>"T1"),"Fast-track (single reviewer)","Full review (2 reviewers)")) -> Full review (2 reviewers) | Q27: =INDEX(Config!$B$28:$B$31,MATCH(IF(INDEX(Config!$B$17:$B$24,MATCH(J27,Config!$A$17:$A$24,0))=0,0,MIN(INDEX(Config!$B$17:$B$24,MATCH(J27,Config!$A$17:$A$24,0)),IF(E27>=Config!$B$10,1,IF(E27>=Config!$B$11,2,3)))),Config!$A$28:$A$31,0)) -> T1 - Critical
A28: =Syn_AI_Inventory!A28 -> AI-024 | B28: =Syn_AI_Inventory!B28 -> Robo-Advisor Chat | C28: =IF(Syn_AI_Inventory!J28="N","Out of EU AI Act Scope",IF(Syn_AI_Inventory!K28="Y","Prohibited (Art.5)",IF(Syn_AI_Inventory!L28="Y","High-Risk (Annex I)",IF(AND(Syn_AI_Inventory!M28<>"None",OR(Syn_AI_Inventory!N28="Y",Syn_AI_Inventory!O28="N")),"High-Risk (Annex III)",IF(Syn_AI_Inventory!S28="Y",IF(Syn_AI_Inventory!T28>=Config!$B$5,"GPAI with Systemic Risk","GPAI"),IF(OR(Syn_AI_Inventory!P28="Y",Syn_AI_Inventory!Q28="Y"),"Limited Risk (Art.50)","Minimal Risk")))))) -> Limited Risk (Art.50) | D28: =IF(Syn_AI_Inventory!J28="N","No",IF(OR(Syn_AI_Inventory!P28="Y",Syn_AI_Inventory!Q28="Y",Syn_AI_Inventory!R28="Y"),"Yes","No")) -> Yes | E28: =ROUND(Config!$B$6*Syn_AI_Inventory!U28+Config!$B$7*Syn_AI_Inventory!V28+Config!$B$8*Syn_AI_Inventory!W28+Config!$B$9*Syn_AI_Inventory!X28,2) -> 3.7 | F28: =INDEX(Config!$B$28:$B$31,MATCH(IF(INDEX(Config!$B$17:$B$24,MATCH(C28,Config!$A$17:$A$24,0))=0,0,MIN(INDEX(Config!$B$17:$B$24,MATCH(C28,Config!$A$17:$A$24,0)),IF(E28>=Config!$B$10,1,IF(E28>=Config!$B$11,2,3)))),Config!$A$28:$A$31,0)) -> T2 - Elevated | G28: High-Risk (Annex III) | H28: 0.66 | I28: Financial advice to retail clients may relate to creditworthiness/essential services; low confidence. | J28: Limited Risk (Art.50) | K28: Priya Nair (AI Governance) | L28: 46278 | M28: =IF(G28=J28,"Yes","No") -> No | N28: =IF(C28=J28,"Yes","No") -> Yes | O28: Investment guidance is not creditworthiness scoring; Art.50 chatbot duties apply. | P28: =IF(LEFT(Q28,2)="T0","Full review + Legal (T0)",IF(AND(G28=C28,H28>=Config!$B$12,LEFT(F28,2)<>"T1"),"Fast-track (single reviewer)","Full review (2 reviewers)")) -> Full review (2 reviewers) | Q28: =INDEX(Config!$B$28:$B$31,MATCH(IF(INDEX(Config!$B$17:$B$24,MATCH(J28,Config!$A$17:$A$24,0))=0,0,MIN(INDEX(Config!$B$17:$B$24,MATCH(J28,Config!$A$17:$A$24,0)),IF(E28>=Config!$B$10,1,IF(E28>=Config!$B$11,2,3)))),Config!$A$28:$A$31,0)) -> T2 - Elevated
A29: =Syn_AI_Inventory!A29 -> AI-025 | B29: =Syn_AI_Inventory!B29 -> Customer Churn Predictor | C29: =IF(Syn_AI_Inventory!J29="N","Out of EU AI Act Scope",IF(Syn_AI_Inventory!K29="Y","Prohibited (Art.5)",IF(Syn_AI_Inventory!L29="Y","High-Risk (Annex I)",IF(AND(Syn_AI_Inventory!M29<>"None",OR(Syn_AI_Inventory!N29="Y",Syn_AI_Inventory!O29="N")),"High-Risk (Annex III)",IF(Syn_AI_Inventory!S29="Y",IF(Syn_AI_Inventory!T29>=Config!$B$5,"GPAI with Systemic Risk","GPAI"),IF(OR(Syn_AI_Inventory!P29="Y",Syn_AI_Inventory!Q29="Y"),"Limited Risk (Art.50)","Minimal Risk")))))) -> Minimal Risk | D29: =IF(Syn_AI_Inventory!J29="N","No",IF(OR(Syn_AI_Inventory!P29="Y",Syn_AI_Inventory!Q29="Y",Syn_AI_Inventory!R29="Y"),"Yes","No")) -> No | E29: =ROUND(Config!$B$6*Syn_AI_Inventory!U29+Config!$B$7*Syn_AI_Inventory!V29+Config!$B$8*Syn_AI_Inventory!W29+Config!$B$9*Syn_AI_Inventory!X29,2) -> 2.3 | F29: =INDEX(Config!$B$28:$B$31,MATCH(IF(INDEX(Config!$B$17:$B$24,MATCH(C29,Config!$A$17:$A$24,0))=0,0,MIN(INDEX(Config!$B$17:$B$24,MATCH(C29,Config!$A$17:$A$24,0)),IF(E29>=Config!$B$10,1,IF(E29>=Config!$B$11,2,3)))),Config!$A$28:$A$31,0)) -> T3 - Standard | G29: Minimal Risk | H29: 0.91 | I29: No Art.5/Annex III/Art.50 triggers identified; internal governance only. | J29: Minimal Risk | K29: Priya Nair (AI Governance) | L29: 46278 | M29: =IF(G29=J29,"Yes","No") -> Yes | N29: =IF(C29=J29,"Yes","No") -> Yes | P29: =IF(LEFT(Q29,2)="T0","Full review + Legal (T0)",IF(AND(G29=C29,H29>=Config!$B$12,LEFT(F29,2)<>"T1"),"Fast-track (single reviewer)","Full review (2 reviewers)")) -> Fast-track (single reviewer) | Q29: =INDEX(Config!$B$28:$B$31,MATCH(IF(INDEX(Config!$B$17:$B$24,MATCH(J29,Config!$A$17:$A$24,0))=0,0,MIN(INDEX(Config!$B$17:$B$24,MATCH(J29,Config!$A$17:$A$24,0)),IF(E29>=Config!$B$10,1,IF(E29>=Config!$B$11,2,3)))),Config!$A$28:$A$31,0)) -> T3 - Standard
A30: =Syn_AI_Inventory!A30 -> AI-026 | B30: =Syn_AI_Inventory!B30 -> Credit Limit Increase Recommender | C30: =IF(Syn_AI_Inventory!J30="N","Out of EU AI Act Scope",IF(Syn_AI_Inventory!K30="Y","Prohibited (Art.5)",IF(Syn_AI_Inventory!L30="Y","High-Risk (Annex I)",IF(AND(Syn_AI_Inventory!M30<>"None",OR(Syn_AI_Inventory!N30="Y",Syn_AI_Inventory!O30="N")),"High-Risk (Annex III)",IF(Syn_AI_Inventory!S30="Y",IF(Syn_AI_Inventory!T30>=Config!$B$5,"GPAI with Systemic Risk","GPAI"),IF(OR(Syn_AI_Inventory!P30="Y",Syn_AI_Inventory!Q30="Y"),"Limited Risk (Art.50)","Minimal Risk")))))) -> High-Risk (Annex III) | D30: =IF(Syn_AI_Inventory!J30="N","No",IF(OR(Syn_AI_Inventory!P30="Y",Syn_AI_Inventory!Q30="Y",Syn_AI_Inventory!R30="Y"),"Yes","No")) -> No | E30: =ROUND(Config!$B$6*Syn_AI_Inventory!U30+Config!$B$7*Syn_AI_Inventory!V30+Config!$B$8*Syn_AI_Inventory!W30+Config!$B$9*Syn_AI_Inventory!X30,2) -> 4.4 | F30: =INDEX(Config!$B$28:$B$31,MATCH(IF(INDEX(Config!$B$17:$B$24,MATCH(C30,Config!$A$17:$A$24,0))=0,0,MIN(INDEX(Config!$B$17:$B$24,MATCH(C30,Config!$A$17:$A$24,0)),IF(E30>=Config!$B$10,1,IF(E30>=Config!$B$11,2,3)))),Config!$A$28:$A$31,0)) -> T1 - Critical | G30: High-Risk (Annex III) | H30: 0.9 | I30: Use case falls in Annex III domain; profiling or no valid Art.6(3) derogation → high-risk per Art.6(2). | J30: High-Risk (Annex III) | K30: Marcus Cole (Legal) | L30: 46290 | M30: =IF(G30=J30,"Yes","No") -> Yes | N30: =IF(C30=J30,"Yes","No") -> Yes | P30: =IF(LEFT(Q30,2)="T0","Full review + Legal (T0)",IF(AND(G30=C30,H30>=Config!$B$12,LEFT(F30,2)<>"T1"),"Fast-track (single reviewer)","Full review (2 reviewers)")) -> Full review (2 reviewers) | Q30: =INDEX(Config!$B$28:$B$31,MATCH(IF(INDEX(Config!$B$17:$B$24,MATCH(J30,Config!$A$17:$A$24,0))=0,0,MIN(INDEX(Config!$B$17:$B$24,MATCH(J30,Config!$A$17:$A$24,0)),IF(E30>=Config!$B$10,1,IF(E30>=Config!$B$11,2,3)))),Config!$A$28:$A$31,0)) -> T1 - Critical
A31: =Syn_AI_Inventory!A31 -> AI-027 | B31: =Syn_AI_Inventory!B31 -> Health Underwriting Assistant | C31: =IF(Syn_AI_Inventory!J31="N","Out of EU AI Act Scope",IF(Syn_AI_Inventory!K31="Y","Prohibited (Art.5)",IF(Syn_AI_Inventory!L31="Y","High-Risk (Annex I)",IF(AND(Syn_AI_Inventory!M31<>"None",OR(Syn_AI_Inventory!N31="Y",Syn_AI_Inventory!O31="N")),"High-Risk (Annex III)",IF(Syn_AI_Inventory!S31="Y",IF(Syn_AI_Inventory!T31>=Config!$B$5,"GPAI with Systemic Risk","GPAI"),IF(OR(Syn_AI_Inventory!P31="Y",Syn_AI_Inventory!Q31="Y"),"Limited Risk (Art.50)","Minimal Risk")))))) -> High-Risk (Annex III) | D31: =IF(Syn_AI_Inventory!J31="N","No",IF(OR(Syn_AI_Inventory!P31="Y",Syn_AI_Inventory!Q31="Y",Syn_AI_Inventory!R31="Y"),"Yes","No")) -> No | E31: =ROUND(Config!$B$6*Syn_AI_Inventory!U31+Config!$B$7*Syn_AI_Inventory!V31+Config!$B$8*Syn_AI_Inventory!W31+Config!$B$9*Syn_AI_Inventory!X31,2) -> 4.4 | F31: =INDEX(Config!$B$28:$B$31,MATCH(IF(INDEX(Config!$B$17:$B$24,MATCH(C31,Config!$A$17:$A$24,0))=0,0,MIN(INDEX(Config!$B$17:$B$24,MATCH(C31,Config!$A$17:$A$24,0)),IF(E31>=Config!$B$10,1,IF(E31>=Config!$B$11,2,3)))),Config!$A$28:$A$31,0)) -> T1 - Critical | G31: High-Risk (Annex III) | H31: 0.87 | I31: Use case falls in Annex III domain; profiling or no valid Art.6(3) derogation → high-risk per Art.6(2). | J31: High-Risk (Annex III) | K31: Marcus Cole (Legal) | L31: 46274 | M31: =IF(G31=J31,"Yes","No") -> Yes | N31: =IF(C31=J31,"Yes","No") -> Yes | P31: =IF(LEFT(Q31,2)="T0","Full review + Legal (T0)",IF(AND(G31=C31,H31>=Config!$B$12,LEFT(F31,2)<>"T1"),"Fast-track (single reviewer)","Full review (2 reviewers)")) -> Full review (2 reviewers) | Q31: =INDEX(Config!$B$28:$B$31,MATCH(IF(INDEX(Config!$B$17:$B$24,MATCH(J31,Config!$A$17:$A$24,0))=0,0,MIN(INDEX(Config!$B$17:$B$24,MATCH(J31,Config!$A$17:$A$24,0)),IF(E31>=Config!$B$10,1,IF(E31>=Config!$B$11,2,3)))),Config!$A$28:$A$31,0)) -> T1 - Critical
A32: =Syn_AI_Inventory!A32 -> AI-028 | B32: =Syn_AI_Inventory!B32 -> Video Interview Analyser | C32: =IF(Syn_AI_Inventory!J32="N","Out of EU AI Act Scope",IF(Syn_AI_Inventory!K32="Y","Prohibited (Art.5)",IF(Syn_AI_Inventory!L32="Y","High-Risk (Annex I)",IF(AND(Syn_AI_Inventory!M32<>"None",OR(Syn_AI_Inventory!N32="Y",Syn_AI_Inventory!O32="N")),"High-Risk (Annex III)",IF(Syn_AI_Inventory!S32="Y",IF(Syn_AI_Inventory!T32>=Config!$B$5,"GPAI with Systemic Risk","GPAI"),IF(OR(Syn_AI_Inventory!P32="Y",Syn_AI_Inventory!Q32="Y"),"Limited Risk (Art.50)","Minimal Risk")))))) -> High-Risk (Annex III) | D32: =IF(Syn_AI_Inventory!J32="N","No",IF(OR(Syn_AI_Inventory!P32="Y",Syn_AI_Inventory!Q32="Y",Syn_AI_Inventory!R32="Y"),"Yes","No")) -> Yes | E32: =ROUND(Config!$B$6*Syn_AI_Inventory!U32+Config!$B$7*Syn_AI_Inventory!V32+Config!$B$8*Syn_AI_Inventory!W32+Config!$B$9*Syn_AI_Inventory!X32,2) -> 3.8 | F32: =INDEX(Config!$B$28:$B$31,MATCH(IF(INDEX(Config!$B$17:$B$24,MATCH(C32,Config!$A$17:$A$24,0))=0,0,MIN(INDEX(Config!$B$17:$B$24,MATCH(C32,Config!$A$17:$A$24,0)),IF(E32>=Config!$B$10,1,IF(E32>=Config!$B$11,2,3)))),Config!$A$28:$A$31,0)) -> T1 - Critical | G32: Prohibited (Art.5) | H32: 0.71 | I32: Description indicates inference of candidate emotions/expressions in recruitment → likely Art.5(1)(f) emotion recognition in workplace; intake flag was N. Escalate to Legal. | J32: Prohibited (Art.5) | K32: Marcus Cole (Legal) | L32: 46280 | M32: =IF(G32=J32,"Yes","No") -> Yes | N32: =IF(C32=J32,"Yes","No") -> No | O32: Legal: emotion inference on candidates during recruitment treated as within Art.5(1)(f); pilot suspended. | P32: =IF(LEFT(Q32,2)="T0","Full review + Legal (T0)",IF(AND(G32=C32,H32>=Config!$B$12,LEFT(F32,2)<>"T1"),"Fast-track (single reviewer)","Full review (2 reviewers)")) -> Full review + Legal (T0) | Q32: =INDEX(Config!$B$28:$B$31,MATCH(IF(INDEX(Config!$B$17:$B$24,MATCH(J32,Config!$A$17:$A$24,0))=0,0,MIN(INDEX(Config!$B$17:$B$24,MATCH(J32,Config!$A$17:$A$24,0)),IF(E32>=Config!$B$10,1,IF(E32>=Config!$B$11,2,3)))),Config!$A$28:$A$31,0)) -> T0 - Stop
A33: =Syn_AI_Inventory!A33 -> AI-029 | B33: =Syn_AI_Inventory!B33 -> Test Data Synthesiser | C33: =IF(Syn_AI_Inventory!J33="N","Out of EU AI Act Scope",IF(Syn_AI_Inventory!K33="Y","Prohibited (Art.5)",IF(Syn_AI_Inventory!L33="Y","High-Risk (Annex I)",IF(AND(Syn_AI_Inventory!M33<>"None",OR(Syn_AI_Inventory!N33="Y",Syn_AI_Inventory!O33="N")),"High-Risk (Annex III)",IF(Syn_AI_Inventory!S33="Y",IF(Syn_AI_Inventory!T33>=Config!$B$5,"GPAI with Systemic Risk","GPAI"),IF(OR(Syn_AI_Inventory!P33="Y",Syn_AI_Inventory!Q33="Y"),"Limited Risk (Art.50)","Minimal Risk")))))) -> Minimal Risk | D33: =IF(Syn_AI_Inventory!J33="N","No",IF(OR(Syn_AI_Inventory!P33="Y",Syn_AI_Inventory!Q33="Y",Syn_AI_Inventory!R33="Y"),"Yes","No")) -> No | E33: =ROUND(Config!$B$6*Syn_AI_Inventory!U33+Config!$B$7*Syn_AI_Inventory!V33+Config!$B$8*Syn_AI_Inventory!W33+Config!$B$9*Syn_AI_Inventory!X33,2) -> 1.5 | F33: =INDEX(Config!$B$28:$B$31,MATCH(IF(INDEX(Config!$B$17:$B$24,MATCH(C33,Config!$A$17:$A$24,0))=0,0,MIN(INDEX(Config!$B$17:$B$24,MATCH(C33,Config!$A$17:$A$24,0)),IF(E33>=Config!$B$10,1,IF(E33>=Config!$B$11,2,3)))),Config!$A$28:$A$31,0)) -> T3 - Standard | G33: Minimal Risk | H33: 0.95 | I33: No Art.5/Annex III/Art.50 triggers identified; internal governance only. | J33: Minimal Risk | K33: Marcus Cole (Legal) | L33: 46285 | M33: =IF(G33=J33,"Yes","No") -> Yes | N33: =IF(C33=J33,"Yes","No") -> Yes | P33: =IF(LEFT(Q33,2)="T0","Full review + Legal (T0)",IF(AND(G33=C33,H33>=Config!$B$12,LEFT(F33,2)<>"T1"),"Fast-track (single reviewer)","Full review (2 reviewers)")) -> Fast-track (single reviewer) | Q33: =INDEX(Config!$B$28:$B$31,MATCH(IF(INDEX(Config!$B$17:$B$24,MATCH(J33,Config!$A$17:$A$24,0))=0,0,MIN(INDEX(Config!$B$17:$B$24,MATCH(J33,Config!$A$17:$A$24,0)),IF(E33>=Config!$B$10,1,IF(E33>=Config!$B$11,2,3)))),Config!$A$28:$A$31,0)) -> T3 - Standard
A34: =Syn_AI_Inventory!A34 -> AI-030 | B34: =Syn_AI_Inventory!B34 -> HR Policy Chatbot (pilot) | C34: =IF(Syn_AI_Inventory!J34="N","Out of EU AI Act Scope",IF(Syn_AI_Inventory!K34="Y","Prohibited (Art.5)",IF(Syn_AI_Inventory!L34="Y","High-Risk (Annex I)",IF(AND(Syn_AI_Inventory!M34<>"None",OR(Syn_AI_Inventory!N34="Y",Syn_AI_Inventory!O34="N")),"High-Risk (Annex III)",IF(Syn_AI_Inventory!S34="Y",IF(Syn_AI_Inventory!T34>=Config!$B$5,"GPAI with Systemic Risk","GPAI"),IF(OR(Syn_AI_Inventory!P34="Y",Syn_AI_Inventory!Q34="Y"),"Limited Risk (Art.50)","Minimal Risk")))))) -> Limited Risk (Art.50) | D34: =IF(Syn_AI_Inventory!J34="N","No",IF(OR(Syn_AI_Inventory!P34="Y",Syn_AI_Inventory!Q34="Y",Syn_AI_Inventory!R34="Y"),"Yes","No")) -> Yes | E34: =ROUND(Config!$B$6*Syn_AI_Inventory!U34+Config!$B$7*Syn_AI_Inventory!V34+Config!$B$8*Syn_AI_Inventory!W34+Config!$B$9*Syn_AI_Inventory!X34,2) -> 2.5 | F34: =INDEX(Config!$B$28:$B$31,MATCH(IF(INDEX(Config!$B$17:$B$24,MATCH(C34,Config!$A$17:$A$24,0))=0,0,MIN(INDEX(Config!$B$17:$B$24,MATCH(C34,Config!$A$17:$A$24,0)),IF(E34>=Config!$B$10,1,IF(E34>=Config!$B$11,2,3)))),Config!$A$28:$A$31,0)) -> T2 - Elevated | G34: Limited Risk (Art.50) | H34: 0.87 | I34: Direct interaction with persons and/or synthetic content generation → Art.50 transparency duties; no Annex III domain. | J34: Limited Risk (Art.50) | K34: Priya Nair (AI Governance) | L34: 46283 | M34: =IF(G34=J34,"Yes","No") -> Yes | N34: =IF(C34=J34,"Yes","No") -> Yes | P34: =IF(LEFT(Q34,2)="T0","Full review + Legal (T0)",IF(AND(G34=C34,H34>=Config!$B$12,LEFT(F34,2)<>"T1"),"Fast-track (single reviewer)","Full review (2 reviewers)")) -> Fast-track (single reviewer) | Q34: =INDEX(Config!$B$28:$B$31,MATCH(IF(INDEX(Config!$B$17:$B$24,MATCH(J34,Config!$A$17:$A$24,0))=0,0,MIN(INDEX(Config!$B$17:$B$24,MATCH(J34,Config!$A$17:$A$24,0)),IF(E34>=Config!$B$10,1,IF(E34>=Config!$B$11,2,3)))),Config!$A$28:$A$31,0)) -> T2 - Elevated

Sheet Syn_Gap_Assessment
A1: Synthetic Requirement-Level Gap Assessment
A2: Requirement lookups (black) pull from Framework_Map; status/evidence/confidence are synthetic (blue). Compliance credit uses Config partial-credit weight.
A4: Gap ID | B4: System ID | C4: System Name | D4: Final Internal Tier | E4: Req ID | F4: Requirement | G4: EU AI Act Ref | H4: NIST AI RMF Ref | I4: ISO 42001 Ref | J4: Assessment Status | K4: Evidence Ref | L4: Assessed By | M4: Agent Confidence | N4: Compliance Credit | O4: Last Assessed | P4: Agent Comment
A5: GAP-001 | B5: AI-001 | C5: =INDEX(Syn_AI_Inventory!$B$5:$B$34,MATCH(B5,Syn_AI_Inventory!$A$5:$A$34,0)) -> CV Screening Assistant | D5: =INDEX(Syn_Tiering!$Q$5:$Q$34,MATCH(B5,Syn_Tiering!$A$5:$A$34,0)) -> T1 - Critical | E5: R03 | F5: =INDEX(Framework_Map!$C$5:$C$28,MATCH(E5,Framework_Map!$A$5:$A$28,0)) -> Lifecycle risk management system for the AI system | G5: =INDEX(Framework_Map!$D$5:$D$28,MATCH(E5,Framework_Map!$A$5:$A$28,0)) -> Art. 9 | H5: =INDEX(Framework_Map!$E$5:$E$28,MATCH(E5,Framework_Map!$A$5:$A$28,0)) -> MAP 5.1, MANAGE 1.2 | I5: =INDEX(Framework_Map!$F$5:$F$28,MATCH(E5,Framework_Map!$A$5:$A$28,0)) -> Cl. 6.1.2, 6.1.3, 8.2, 8.3 | J5: Not Implemented | K5: — | L5: Gap Agent (pending review) | M5: 0.71 | N5: =IF(J5="Implemented",1,IF(J5="Partially Implemented",Config!$B$13,0)) -> 0 | O5: 46279 | P5: No evidence located; owner notified.
A6: GAP-002 | B6: AI-001 | C6: =INDEX(Syn_AI_Inventory!$B$5:$B$34,MATCH(B6,Syn_AI_Inventory!$A$5:$A$34,0)) -> CV Screening Assistant | D6: =INDEX(Syn_Tiering!$Q$5:$Q$34,MATCH(B6,Syn_Tiering!$A$5:$A$34,0)) -> T1 - Critical | E6: R04 | F6: =INDEX(Framework_Map!$C$5:$C$28,MATCH(E6,Framework_Map!$A$5:$A$28,0)) -> Data quality, provenance, representativeness and bias examination | G6: =INDEX(Framework_Map!$D$5:$D$28,MATCH(E6,Framework_Map!$A$5:$A$28,0)) -> Art. 10 | H6: =INDEX(Framework_Map!$E$5:$E$28,MATCH(E6,Framework_Map!$A$5:$A$28,0)) -> MAP 2.3 | I6: =INDEX(Framework_Map!$F$5:$F$28,MATCH(E6,Framework_Map!$A$5:$A$28,0)) -> A.7.2, A.7.4, A.7.5 | J6: Not Implemented | K6: — | L6: Gap Agent + human review | M6: 0.74 | N6: =IF(J6="Implemented",1,IF(J6="Partially Implemented",Config!$B$13,0)) -> 0 | O6: 46282 | P6: No evidence located; owner notified.
A7: GAP-003 | B7: AI-001 | C7: =INDEX(Syn_AI_Inventory!$B$5:$B$34,MATCH(B7,Syn_AI_Inventory!$A$5:$A$34,0)) -> CV Screening Assistant | D7: =INDEX(Syn_Tiering!$Q$5:$Q$34,MATCH(B7,Syn_Tiering!$A$5:$A$34,0)) -> T1 - Critical | E7: R05 | F7: =INDEX(Framework_Map!$C$5:$C$28,MATCH(E7,Framework_Map!$A$5:$A$28,0)) -> Technical documentation kept up to date | G7: =INDEX(Framework_Map!$D$5:$D$28,MATCH(E7,Framework_Map!$A$5:$A$28,0)) -> Art. 11, Annex IV | H7: =INDEX(Framework_Map!$E$5:$E$28,MATCH(E7,Framework_Map!$A$5:$A$28,0)) -> GOVERN 4.2 | I7: =INDEX(Framework_Map!$F$5:$F$28,MATCH(E7,Framework_Map!$A$5:$A$28,0)) -> A.6.2.7; A.8.2 | J7: Partially Implemented | K7: EV-001-R05 | L7: Gap Agent + human review | M7: 0.91 | N7: =IF(J7="Implemented",1,IF(J7="Partially Implemented",Config!$B$13,0)) -> 0.5 | O7: 46286 | P7: Gap: evidence older than 12 months.
A8: GAP-004 | B8: AI-001 | C8: =INDEX(Syn_AI_Inventory!$B$5:$B$34,MATCH(B8,Syn_AI_Inventory!$A$5:$A$34,0)) -> CV Screening Assistant | D8: =INDEX(Syn_Tiering!$Q$5:$Q$34,MATCH(B8,Syn_Tiering!$A$5:$A$34,0)) -> T1 - Critical | E8: R07 | F8: =INDEX(Framework_Map!$C$5:$C$28,MATCH(E8,Framework_Map!$A$5:$A$28,0)) -> Instructions for use and information for deployers | G8: =INDEX(Framework_Map!$D$5:$D$28,MATCH(E8,Framework_Map!$A$5:$A$28,0)) -> Art. 13 | H8: =INDEX(Framework_Map!$E$5:$E$28,MATCH(E8,Framework_Map!$A$5:$A$28,0)) -> MEASURE 2.8 | I8: =INDEX(Framework_Map!$F$5:$F$28,MATCH(E8,Framework_Map!$A$5:$A$28,0)) -> A.8.2; A.8.5 | J8: Implemented | K8: EV-001-R07 | L8: Gap Agent (pending review) | M8: 0.76 | N8: =IF(J8="Implemented",1,IF(J8="Partially Implemented",Config!$B$13,0)) -> 1 | O8: 46278 | P8: Evidence sufficient and current.
A9: GAP-005 | B9: AI-001 | C9: =INDEX(Syn_AI_Inventory!$B$5:$B$34,MATCH(B9,Syn_AI_Inventory!$A$5:$A$34,0)) -> CV Screening Assistant | D9: =INDEX(Syn_Tiering!$Q$5:$Q$34,MATCH(B9,Syn_Tiering!$A$5:$A$34,0)) -> T1 - Critical | E9: R13 | F9: =INDEX(Framework_Map!$C$5:$C$28,MATCH(E9,Framework_Map!$A$5:$A$28,0)) -> Conformity assessment, declaration of conformity, CE marking | G9: =INDEX(Framework_Map!$D$5:$D$28,MATCH(E9,Framework_Map!$A$5:$A$28,0)) -> Art. 43, 47, 48 | H9: =INDEX(Framework_Map!$E$5:$E$28,MATCH(E9,Framework_Map!$A$5:$A$28,0)) -> GOVERN 1.1 | I9: =INDEX(Framework_Map!$F$5:$F$28,MATCH(E9,Framework_Map!$A$5:$A$28,0)) -> Cl. 9.2 (closest) | J9: Partially Implemented | K9: EV-001-R13 | L9: Gap Agent + human review | M9: 0.8 | N9: =IF(J9="Implemented",1,IF(J9="Partially Implemented",Config!$B$13,0)) -> 0.5 | O9: 46266 | P9: Gap: vendor documentation incomplete.
A10: GAP-006 | B10: AI-001 | C10: =INDEX(Syn_AI_Inventory!$B$5:$B$34,MATCH(B10,Syn_AI_Inventory!$A$5:$A$34,0)) -> CV Screening Assistant | D10: =INDEX(Syn_Tiering!$Q$5:$Q$34,MATCH(B10,Syn_Tiering!$A$5:$A$34,0)) -> T1 - Critical | E10: R15 | F10: =INDEX(Framework_Map!$C$5:$C$28,MATCH(E10,Framework_Map!$A$5:$A$28,0)) -> Post-market / post-deployment monitoring plan | G10: =INDEX(Framework_Map!$D$5:$D$28,MATCH(E10,Framework_Map!$A$5:$A$28,0)) -> Art. 72 | H10: =INDEX(Framework_Map!$E$5:$E$28,MATCH(E10,Framework_Map!$A$5:$A$28,0)) -> MANAGE 4.1 | I10: =INDEX(Framework_Map!$F$5:$F$28,MATCH(E10,Framework_Map!$A$5:$A$28,0)) -> Cl. 9.1; A.6.2.6 | J10: Not Implemented | K10: — | L10: Gap Agent + human review | M10: 0.85 | N10: =IF(J10="Implemented",1,IF(J10="Partially Implemented",Config!$B$13,0)) -> 0 | O10: 46290 | P10: No evidence located; owner notified.
A11: GAP-007 | B11: AI-001 | C11: =INDEX(Syn_AI_Inventory!$B$5:$B$34,MATCH(B11,Syn_AI_Inventory!$A$5:$A$34,0)) -> CV Screening Assistant | D11: =INDEX(Syn_Tiering!$Q$5:$Q$34,MATCH(B11,Syn_Tiering!$A$5:$A$34,0)) -> T1 - Critical | E11: R16 | F11: =INDEX(Framework_Map!$C$5:$C$28,MATCH(E11,Framework_Map!$A$5:$A$28,0)) -> Serious incident reporting procedure | G11: =INDEX(Framework_Map!$D$5:$D$28,MATCH(E11,Framework_Map!$A$5:$A$28,0)) -> Art. 73 | H11: =INDEX(Framework_Map!$E$5:$E$28,MATCH(E11,Framework_Map!$A$5:$A$28,0)) -> MANAGE 4.3 | I11: =INDEX(Framework_Map!$F$5:$F$28,MATCH(E11,Framework_Map!$A$5:$A$28,0)) -> A.8.4; Cl. 10.2 | J11: Implemented | K11: EV-001-R16 | L11: Gap Agent (pending review) | M11: 0.74 | N11: =IF(J11="Implemented",1,IF(J11="Partially Implemented",Config!$B$13,0)) -> 1 | O11: 46279 | P11: Evidence sufficient and current.
A12: GAP-008 | B12: AI-001 | C12: =INDEX(Syn_AI_Inventory!$B$5:$B$34,MATCH(B12,Syn_AI_Inventory!$A$5:$A$34,0)) -> CV Screening Assistant | D12: =INDEX(Syn_Tiering!$Q$5:$Q$34,MATCH(B12,Syn_Tiering!$A$5:$A$34,0)) -> T1 - Critical | E12: R20 | F12: =INDEX(Framework_Map!$C$5:$C$28,MATCH(E12,Framework_Map!$A$5:$A$28,0)) -> Use per instructions, monitor operation, retain logs, inform workers | G12: =INDEX(Framework_Map!$D$5:$D$28,MATCH(E12,Framework_Map!$A$5:$A$28,0)) -> Art. 26 | H12: =INDEX(Framework_Map!$E$5:$E$28,MATCH(E12,Framework_Map!$A$5:$A$28,0)) -> MANAGE 4.1 | I12: =INDEX(Framework_Map!$F$5:$F$28,MATCH(E12,Framework_Map!$A$5:$A$28,0)) -> A.9.2; A.9.4 | J12: Implemented | K12: EV-001-R20 | L12: Gap Agent + human review | M12: 0.94 | N12: =IF(J12="Implemented",1,IF(J12="Partially Implemented",Config!$B$13,0)) -> 1 | O12: 46282 | P12: Evidence sufficient and current.
A13: GAP-009 | B13: AI-002 | C13: =INDEX(Syn_AI_Inventory!$B$5:$B$34,MATCH(B13,Syn_AI_Inventory!$A$5:$A$34,0)) -> Retail Credit Scoring Model | D13: =INDEX(Syn_Tiering!$Q$5:$Q$34,MATCH(B13,Syn_Tiering!$A$5:$A$34,0)) -> T1 - Critical | E13: R03 | F13: =INDEX(Framework_Map!$C$5:$C$28,MATCH(E13,Framework_Map!$A$5:$A$28,0)) -> Lifecycle risk management system for the AI system | G13: =INDEX(Framework_Map!$D$5:$D$28,MATCH(E13,Framework_Map!$A$5:$A$28,0)) -> Art. 9 | H13: =INDEX(Framework_Map!$E$5:$E$28,MATCH(E13,Framework_Map!$A$5:$A$28,0)) -> MAP 5.1, MANAGE 1.2 | I13: =INDEX(Framework_Map!$F$5:$F$28,MATCH(E13,Framework_Map!$A$5:$A$28,0)) -> Cl. 6.1.2, 6.1.3, 8.2, 8.3 | J13: Implemented | K13: EV-002-R03 | L13: Gap Agent (pending review) | M13: 0.93 | N13: =IF(J13="Implemented",1,IF(J13="Partially Implemented",Config!$B$13,0)) -> 1 | O13: 46276 | P13: Evidence sufficient and current.
A14: GAP-010 | B14: AI-002 | C14: =INDEX(Syn_AI_Inventory!$B$5:$B$34,MATCH(B14,Syn_AI_Inventory!$A$5:$A$34,0)) -> Retail Credit Scoring Model | D14: =INDEX(Syn_Tiering!$Q$5:$Q$34,MATCH(B14,Syn_Tiering!$A$5:$A$34,0)) -> T1 - Critical | E14: R04 | F14: =INDEX(Framework_Map!$C$5:$C$28,MATCH(E14,Framework_Map!$A$5:$A$28,0)) -> Data quality, provenance, representativeness and bias examination | G14: =INDEX(Framework_Map!$D$5:$D$28,MATCH(E14,Framework_Map!$A$5:$A$28,0)) -> Art. 10 | H14: =INDEX(Framework_Map!$E$5:$E$28,MATCH(E14,Framework_Map!$A$5:$A$28,0)) -> MAP 2.3 | I14: =INDEX(Framework_Map!$F$5:$F$28,MATCH(E14,Framework_Map!$A$5:$A$28,0)) -> A.7.2, A.7.4, A.7.5 | J14: Partially Implemented | K14: EV-002-R04 | L14: Gap Agent + human review | M14: 0.94 | N14: =IF(J14="Implemented",1,IF(J14="Partially Implemented",Config!$B$13,0)) -> 0.5 | O14: 46273 | P14: Gap: covers only part of scope.
A15: GAP-011 | B15: AI-002 | C15: =INDEX(Syn_AI_Inventory!$B$5:$B$34,MATCH(B15,Syn_AI_Inventory!$A$5:$A$34,0)) -> Retail Credit Scoring Model | D15: =INDEX(Syn_Tiering!$Q$5:$Q$34,MATCH(B15,Syn_Tiering!$A$5:$A$34,0)) -> T1 - Critical | E15: R06 | F15: =INDEX(Framework_Map!$C$5:$C$28,MATCH(E15,Framework_Map!$A$5:$A$28,0)) -> Automatic event logging and retention | G15: =INDEX(Framework_Map!$D$5:$D$28,MATCH(E15,Framework_Map!$A$5:$A$28,0)) -> Art. 12 | H15: =INDEX(Framework_Map!$E$5:$E$28,MATCH(E15,Framework_Map!$A$5:$A$28,0)) -> MANAGE 4.1 | I15: =INDEX(Framework_Map!$F$5:$F$28,MATCH(E15,Framework_Map!$A$5:$A$28,0)) -> A.6.2.8 | J15: Implemented | K15: EV-002-R06 | L15: Gap Agent (pending review) | M15: 0.94 | N15: =IF(J15="Implemented",1,IF(J15="Partially Implemented",Config!$B$13,0)) -> 1 | O15: 46289 | P15: Evidence sufficient and current.
A16: GAP-012 | B16: AI-002 | C16: =INDEX(Syn_AI_Inventory!$B$5:$B$34,MATCH(B16,Syn_AI_Inventory!$A$5:$A$34,0)) -> Retail Credit Scoring Model | D16: =INDEX(Syn_Tiering!$Q$5:$Q$34,MATCH(B16,Syn_Tiering!$A$5:$A$34,0)) -> T1 - Critical | E16: R07 | F16: =INDEX(Framework_Map!$C$5:$C$28,MATCH(E16,Framework_Map!$A$5:$A$28,0)) -> Instructions for use and information for deployers | G16: =INDEX(Framework_Map!$D$5:$D$28,MATCH(E16,Framework_Map!$A$5:$A$28,0)) -> Art. 13 | H16: =INDEX(Framework_Map!$E$5:$E$28,MATCH(E16,Framework_Map!$A$5:$A$28,0)) -> MEASURE 2.8 | I16: =INDEX(Framework_Map!$F$5:$F$28,MATCH(E16,Framework_Map!$A$5:$A$28,0)) -> A.8.2; A.8.5 | J16: Partially Implemented | K16: EV-002-R07 | L16: Gap Agent + human review | M16: 0.95 | N16: =IF(J16="Implemented",1,IF(J16="Partially Implemented",Config!$B$13,0)) -> 0.5 | O16: 46290 | P16: Gap: vendor documentation incomplete.
... A134: GAP-130 | B134: AI-030 | C134: =INDEX(Syn_AI_Inventory!$B$5:$B$34,MATCH(B134,Syn_AI_Inventory!$A$5:$A$34,0)) -> HR Policy Chatbot (pilot) | D134: =INDEX(Syn_Tiering!$Q$5:$Q$34,MATCH(B134,Syn_Tiering!$A$5:$A$34,0)) -> T2 - Elevated | E134: R24 | F134: =INDEX(Framework_Map!$C$5:$C$28,MATCH(E134,Framework_Map!$A$5:$A$28,0)) -> Corrective action and lessons-learned loop | G134: =INDEX(Framework_Map!$D$5:$D$28,MATCH(E134,Framework_Map!$A$5:$A$28,0)) -> — | H134: =INDEX(Framework_Map!$E$5:$E$28,MATCH(E134,Framework_Map!$A$5:$A$28,0)) -> MANAGE 4.2 | I134: =INDEX(Framework_Map!$F$5:$F$28,MATCH(E134,Framework_Map!$A$5:$A$28,0)) -> Cl. 10.1, 10.2 | J134: Partially Implemented | K134: EV-030-R24 | L134: Gap Agent + human review | M134: 0.63 | N134: =IF(J134="Implemented",1,IF(J134="Partially Implemented",Config!$B$13,0)) -> 0.5 | O134: 46288 | P134: Gap: covers only part of scope.

Sheet Syn_Remediation
A1: Synthetic Remediation Plan (Remediation Planning Agent output)
A2: Priority, SLA and due date are formulas driven by tier (Tier_Obligations) and as-of date (Config). Owner roles, dates and status are synthetic.
A4: Action ID | B4: Gap ID | C4: System ID | D4: System Name | E4: Req ID | F4: Gap Type | G4: Recommended Action (Agent) | H4: Action Owner (Role) | I4: Final Internal Tier | J4: Priority | K4: Target Days (SLA) | L4: Start Date | M4: Due Date | N4: Status | O4: Overdue? | P4: Plan Origin | Q4: Effort
A5: ACT-001 | B5: GAP-001 | C5: AI-001 | D5: =INDEX(Syn_AI_Inventory!$B$5:$B$34,MATCH(C5,Syn_AI_Inventory!$A$5:$A$34,0)) -> CV Screening Assistant | E5: R03 | F5: No control / not implemented | G5: Establish lifecycle risk management procedure and risk register for the system | H5: Model Risk | I5: =INDEX(Syn_Tiering!$Q$5:$Q$34,MATCH(C5,Syn_Tiering!$A$5:$A$34,0)) -> T1 - Critical | J5: =INDEX(Tier_Obligations!$C$5:$C$8,MATCH(I5,Tier_Obligations!$A$5:$A$8,0)) -> P1 | K5: =INDEX(Tier_Obligations!$D$5:$D$8,MATCH(I5,Tier_Obligations!$A$5:$A$8,0)) -> 30 | L5: 46271 | M5: =L5+K5 -> 46301 | N5: In Progress | O5: =IF(N5="Closed","Closed",IF(M5<Config!$B$4,"Overdue","On track")) -> On track | P5: Agent – accepted unedited | Q5: L
A6: ACT-002 | B6: GAP-002 | C6: AI-001 | D6: =INDEX(Syn_AI_Inventory!$B$5:$B$34,MATCH(C6,Syn_AI_Inventory!$A$5:$A$34,0)) -> CV Screening Assistant | E6: R04 | F6: No control / not implemented | G6: Document dataset provenance, quality checks and bias examination | H6: Data Steward | I6: =INDEX(Syn_Tiering!$Q$5:$Q$34,MATCH(C6,Syn_Tiering!$A$5:$A$34,0)) -> T1 - Critical | J6: =INDEX(Tier_Obligations!$C$5:$C$8,MATCH(I6,Tier_Obligations!$A$5:$A$8,0)) -> P1 | K6: =INDEX(Tier_Obligations!$D$5:$D$8,MATCH(I6,Tier_Obligations!$A$5:$A$8,0)) -> 30 | L6: 46255 | M6: =L6+K6 -> 46285 | N6: Closed | O6: =IF(N6="Closed","Closed",IF(M6<Config!$B$4,"Overdue","On track")) -> Closed | P6: Agent – accepted unedited | Q6: L
A7: ACT-003 | B7: GAP-003 | C7: AI-001 | D7: =INDEX(Syn_AI_Inventory!$B$5:$B$34,MATCH(C7,Syn_AI_Inventory!$A$5:$A$34,0)) -> CV Screening Assistant | E7: R05 | F7: Partial implementation | G7: Compile technical documentation (design, training, testing, limitations) | H7: System Owner | I7: =INDEX(Syn_Tiering!$Q$5:$Q$34,MATCH(C7,Syn_Tiering!$A$5:$A$34,0)) -> T1 - Critical | J7: =INDEX(Tier_Obligations!$C$5:$C$8,MATCH(I7,Tier_Obligations!$A$5:$A$8,0)) -> P1 | K7: =INDEX(Tier_Obligations!$D$5:$D$8,MATCH(I7,Tier_Obligations!$A$5:$A$8,0)) -> 30 | L7: 46250 | M7: =L7+K7 -> 46280 | N7: Closed | O7: =IF(N7="Closed","Closed",IF(M7<Config!$B$4,"Overdue","On track")) -> Closed | P7: Agent – accepted unedited | Q7: M
A8: ACT-004 | B8: GAP-006 | C8: AI-001 | D8: =INDEX(Syn_AI_Inventory!$B$5:$B$34,MATCH(C8,Syn_AI_Inventory!$A$5:$A$34,0)) -> CV Screening Assistant | E8: R15 | F8: No control / not implemented | G8: Implement post-deployment monitoring plan with drift and performance KPIs | H8: ML Ops | I8: =INDEX(Syn_Tiering!$Q$5:$Q$34,MATCH(C8,Syn_Tiering!$A$5:$A$34,0)) -> T1 - Critical | J8: =INDEX(Tier_Obligations!$C$5:$C$8,MATCH(I8,Tier_Obligations!$A$5:$A$8,0)) -> P1 | K8: =INDEX(Tier_Obligations!$D$5:$D$8,MATCH(I8,Tier_Obligations!$A$5:$A$8,0)) -> 30 | L8: 46276 | M8: =L8+K8 -> 46306 | N8: In Progress | O8: =IF(N8="Closed","Closed",IF(M8<Config!$B$4,"Overdue","On track")) -> On track | P8: Agent – accepted unedited | Q8: L
A9: ACT-005 | B9: GAP-010 | C9: AI-002 | D9: =INDEX(Syn_AI_Inventory!$B$5:$B$34,MATCH(C9,Syn_AI_Inventory!$A$5:$A$34,0)) -> Retail Credit Scoring Model | E9: R04 | F9: Partial implementation | G9: Document dataset provenance, quality checks and bias examination | H9: Data Steward | I9: =INDEX(Syn_Tiering!$Q$5:$Q$34,MATCH(C9,Syn_Tiering!$A$5:$A$34,0)) -> T1 - Critical | J9: =INDEX(Tier_Obligations!$C$5:$C$8,MATCH(I9,Tier_Obligations!$A$5:$A$8,0)) -> P1 | K9: =INDEX(Tier_Obligations!$D$5:$D$8,MATCH(I9,Tier_Obligations!$A$5:$A$8,0)) -> 30 | L9: 46283 | M9: =L9+K9 -> 46313 | N9: Not Started | O9: =IF(N9="Closed","Closed",IF(M9<Config!$B$4,"Overdue","On track")) -> On track | P9: Agent – accepted unedited | Q9: L
A10: ACT-006 | B10: GAP-012 | C10: AI-002 | D10: =INDEX(Syn_AI_Inventory!$B$5:$B$34,MATCH(C10,Syn_AI_Inventory!$A$5:$A$34,0)) -> Retail Credit Scoring Model | E10: R07 | F10: Partial implementation | G10: Produce instructions for use and transparency information for deployers | H10: System Owner | I10: =INDEX(Syn_Tiering!$Q$5:$Q$34,MATCH(C10,Syn_Tiering!$A$5:$A$34,0)) -> T1 - Critical | J10: =INDEX(Tier_Obligations!$C$5:$C$8,MATCH(I10,Tier_Obligations!$A$5:$A$8,0)) -> P1 | K10: =INDEX(Tier_Obligations!$D$5:$D$8,MATCH(I10,Tier_Obligations!$A$5:$A$8,0)) -> 30 | L10: 46240 | M10: =L10+K10 -> 46270 | N10: Not Started | O10: =IF(N10="Closed","Closed",IF(M10<Config!$B$4,"Overdue","On track")) -> Overdue | P10: Agent – accepted unedited | Q10: S
A11: ACT-007 | B11: GAP-015 | C11: AI-002 | D11: =INDEX(Syn_AI_Inventory!$B$5:$B$34,MATCH(C11,Syn_AI_Inventory!$A$5:$A$34,0)) -> Retail Credit Scoring Model | E11: R18 | F11: No control / not implemented | G11: Obtain supplier documentation and AI contract clauses; complete vendor assessment | H11: Procurement / TPRM | I11: =INDEX(Syn_Tiering!$Q$5:$Q$34,MATCH(C11,Syn_Tiering!$A$5:$A$34,0)) -> T1 - Critical | J11: =INDEX(Tier_Obligations!$C$5:$C$8,MATCH(I11,Tier_Obligations!$A$5:$A$8,0)) -> P1 | K11: =INDEX(Tier_Obligations!$D$5:$D$8,MATCH(I11,Tier_Obligations!$A$5:$A$8,0)) -> 30 | L11: 46250 | M11: =L11+K11 -> 46280 | N11: In Progress | O11: =IF(N11="Closed","Closed",IF(M11<Config!$B$4,"Overdue","On track")) -> Overdue | P11: Agent – accepted unedited | Q11: M
A12: ACT-008 | B12: GAP-019 | C12: AI-003 | D12: =INDEX(Syn_AI_Inventory!$B$5:$B$34,MATCH(C12,Syn_AI_Inventory!$A$5:$A$34,0)) -> Aria Customer Service Chatbot | E12: R18 | F12: No control / not implemented | G12: Obtain supplier documentation and AI contract clauses; complete vendor assessment | H12: Procurement / TPRM | I12: =INDEX(Syn_Tiering!$Q$5:$Q$34,MATCH(C12,Syn_Tiering!$A$5:$A$34,0)) -> T2 - Elevated | J12: =INDEX(Tier_Obligations!$C$5:$C$8,MATCH(I12,Tier_Obligations!$A$5:$A$8,0)) -> P2 | K12: =INDEX(Tier_Obligations!$D$5:$D$8,MATCH(I12,Tier_Obligations!$A$5:$A$8,0)) -> 60 | L12: 46281 | M12: =L12+K12 -> 46341 | N12: In Progress | O12: =IF(N12="Closed","Closed",IF(M12<Config!$B$4,"Overdue","On track")) -> On track | P12: Agent – edited by owner | Q12: L
A13: ACT-009 | B13: GAP-020 | C13: AI-003 | D13: =INDEX(Syn_AI_Inventory!$B$5:$B$34,MATCH(C13,Syn_AI_Inventory!$A$5:$A$34,0)) -> Aria Customer Service Chatbot | E13: R24 | F13: Partial implementation | G13: Establish corrective-action process and lessons-learned loop | H13: AI Governance | I13: =INDEX(Syn_Tiering!$Q$5:$Q$34,MATCH(C13,Syn_Tiering!$A$5:$A$34,0)) -> T2 - Elevated | J13: =INDEX(Tier_Obligations!$C$5:$C$8,MATCH(I13,Tier_Obligations!$A$5:$A$8,0)) -> P2 | K13: =INDEX(Tier_Obligations!$D$5:$D$8,MATCH(I13,Tier_Obligations!$A$5:$A$8,0)) -> 60 | L13: 46254 | M13: =L13+K13 -> 46314 | N13: Pending Validation | O13: =IF(N13="Closed","Closed",IF(M13<Config!$B$4,"Overdue","On track")) -> On track | P13: Agent – accepted unedited | Q13: M
A14: ACT-010 | B14: GAP-026 | C14: AI-005 | D14: =INDEX(Syn_AI_Inventory!$B$5:$B$34,MATCH(C14,Syn_AI_Inventory!$A$5:$A$34,0)) -> Marketing Copy Generator | E14: R24 | F14: No control / not implemented | G14: Establish corrective-action process and lessons-learned loop | H14: AI Governance | I14: =INDEX(Syn_Tiering!$Q$5:$Q$34,MATCH(C14,Syn_Tiering!$A$5:$A$34,0)) -> T2 - Elevated | J14: =INDEX(Tier_Obligations!$C$5:$C$8,MATCH(I14,Tier_Obligations!$A$5:$A$8,0)) -> P2 | K14: =INDEX(Tier_Obligations!$D$5:$D$8,MATCH(I14,Tier_Obligations!$A$5:$A$8,0)) -> 60 | L14: 46269 | M14: =L14+K14 -> 46329 | N14: In Progress | O14: =IF(N14="Closed","Closed",IF(M14<Config!$B$4,"Overdue","On track")) -> On track | P14: Agent – accepted unedited | Q14: M
A15: ACT-011 | B15: GAP-027 | C15: AI-006 | D15: =INDEX(Syn_AI_Inventory!$B$5:$B$34,MATCH(C15,Syn_AI_Inventory!$A$5:$A$34,0)) -> Employee Performance Analytics | E15: R03 | F15: No control / not implemented | G15: Establish lifecycle risk management procedure and risk register for the system | H15: Model Risk | I15: =INDEX(Syn_Tiering!$Q$5:$Q$34,MATCH(C15,Syn_Tiering!$A$5:$A$34,0)) -> T1 - Critical | J15: =INDEX(Tier_Obligations!$C$5:$C$8,MATCH(I15,Tier_Obligations!$A$5:$A$8,0)) -> P1 | K15: =INDEX(Tier_Obligations!$D$5:$D$8,MATCH(I15,Tier_Obligations!$A$5:$A$8,0)) -> 30 | L15: 46237 | M15: =L15+K15 -> 46267 | N15: Pending Validation | O15: =IF(N15="Closed","Closed",IF(M15<Config!$B$4,"Overdue","On track")) -> Overdue | P15: Agent – edited by owner | Q15: L
A16: ACT-012 | B16: GAP-029 | C16: AI-006 | D16: =INDEX(Syn_AI_Inventory!$B$5:$B$34,MATCH(C16,Syn_AI_Inventory!$A$5:$A$34,0)) -> Employee Performance Analytics | E16: R06 | F16: No control / not implemented | G16: Enable automatic event logging and define retention period | H16: Engineering Lead | I16: =INDEX(Syn_Tiering!$Q$5:$Q$34,MATCH(C16,Syn_Tiering!$A$5:$A$34,0)) -> T1 - Critical | J16: =INDEX(Tier_Obligations!$C$5:$C$8,MATCH(I16,Tier_Obligations!$A$5:$A$8,0)) -> P1 | K16: =INDEX(Tier_Obligations!$D$5:$D$8,MATCH(I16,Tier_Obligations!$A$5:$A$8,0)) -> 30 | L16: 46269 | M16: =L16+K16 -> 46299 | N16: Not Started | O16: =IF(N16="Closed","Closed",IF(M16<Config!$B$4,"Overdue","On track")) -> On track | P16: Agent – accepted unedited | Q16: S
... A61: ACT-057 | B61: GAP-125 | C61: AI-029 | D61: =INDEX(Syn_AI_Inventory!$B$5:$B$34,MATCH(C61,Syn_AI_Inventory!$A$5:$A$34,0)) -> Test Data Synthesiser | E61: R01 | F61: Partial implementation | G61: Complete inventory record and assign accountable owner; confirm classification rationale | H61: System Owner | I61: =INDEX(Syn_Tiering!$Q$5:$Q$34,MATCH(C61,Syn_Tiering!$A$5:$A$34,0)) -> T3 - Standard | J61: =INDEX(Tier_Obligations!$C$5:$C$8,MATCH(I61,Tier_Obligations!$A$5:$A$8,0)) -> P3 | K61: =INDEX(Tier_Obligations!$D$5:$D$8,MATCH(I61,Tier_Obligations!$A$5:$A$8,0)) -> 120 | L61: 46244 | M61: =L61+K61 -> 46364 | N61: Closed | O61: =IF(N61="Closed","Closed",IF(M61<Config!$B$4,"Overdue","On track")) -> Closed | P61: Agent – edited by owner | Q61: M

Sheet Syn_Monitoring
A1: Synthetic Post-Deployment Monitoring Events
A2: Triggers are formulas. Art.73 timing (for reference): report within 15 days of awareness; 2 days for widespread infringement/critical-infrastructure disruption; 10 days in case of death.
A4: Event ID | B4: Event Date | C4: System ID | D4: System Name | E4: Final Internal Tier | F4: Event Type | G4: Source | H4: Description | I4: Severity | J4: Detected By | K4: Re-tier Trigger? | L4: Potential Serious Incident (Art.73)? | M4: Triage Status | N4: Triage Note
A5: EVT-001 | B5: 46288 | C5: AI-027 | D5: =INDEX(Syn_AI_Inventory!$B$5:$B$34,MATCH(C5,Syn_AI_Inventory!$A$5:$A$34,0)) -> Health Underwriting Assistant | E5: =INDEX(Syn_Tiering!$Q$5:$Q$34,MATCH(C5,Syn_Tiering!$A$5:$A$34,0)) -> T1 - Critical | F5: Model / vendor update | G5: Vendor notice | H5: Vendor released new model version without prior notice | I5: High | J5: Monitoring Agent | K5: =IF(OR(F5="Change in intended purpose",F5="Model / vendor update",F5="New use case",I5="High",I5="Critical"),"Yes","No") -> Yes | L5: =IF(AND(OR(LEFT(E5,2)="T1",LEFT(E5,2)="T0"),OR(F5="Serious incident",I5="Critical")),"Yes","No") -> No | M5: Under review | N5: Root cause analysis in progress
A6: EVT-002 | B6: 46245 | C6: AI-002 | D6: =INDEX(Syn_AI_Inventory!$B$5:$B$34,MATCH(C6,Syn_AI_Inventory!$A$5:$A$34,0)) -> Retail Credit Scoring Model | E6: =INDEX(Syn_Tiering!$Q$5:$Q$34,MATCH(C6,Syn_Tiering!$A$5:$A$34,0)) -> T1 - Critical | F6: Bias metric breach | G6: Fairness monitor | H6: Selection-rate ratio outside tolerance for a protected subgroup | I6: High | J6: Monitoring Agent | K6: =IF(OR(F6="Change in intended purpose",F6="Model / vendor update",F6="New use case",I6="High",I6="Critical"),"Yes","No") -> Yes | L6: =IF(AND(OR(LEFT(E6,2)="T1",LEFT(E6,2)="T0"),OR(F6="Serious incident",I6="Critical")),"Yes","No") -> No | M6: Closed | N6: No further action
A7: EVT-003 | B7: 46239 | C7: AI-009 | D7: =INDEX(Syn_AI_Inventory!$B$5:$B$34,MATCH(C7,Syn_AI_Inventory!$A$5:$A$34,0)) -> Call-Centre Emotion Analytics | E7: =INDEX(Syn_Tiering!$Q$5:$Q$34,MATCH(C7,Syn_Tiering!$A$5:$A$34,0)) -> T0 - Stop | F7: Model / vendor update | G7: Vendor notice | H7: Vendor released new model version without prior notice | I7: Critical | J7: Monitoring Agent | K7: =IF(OR(F7="Change in intended purpose",F7="Model / vendor update",F7="New use case",I7="High",I7="Critical"),"Yes","No") -> Yes | L7: =IF(AND(OR(LEFT(E7,2)="T1",LEFT(E7,2)="T0"),OR(F7="Serious incident",I7="Critical")),"Yes","No") -> Yes | M7: Under review | N7: Mitigation agreed with owner
A8: EVT-004 | B8: 46285 | C8: AI-015 | D8: =INDEX(Syn_AI_Inventory!$B$5:$B$34,MATCH(C8,Syn_AI_Inventory!$A$5:$A$34,0)) -> Trading Anomaly Detection | E8: =INDEX(Syn_Tiering!$Q$5:$Q$34,MATCH(C8,Syn_Tiering!$A$5:$A$34,0)) -> T3 - Standard | F8: Security event | G8: SIEM | H8: Prompt-injection attempt detected in production logs | I8: Medium | J8: Monitoring Agent | K8: =IF(OR(F8="Change in intended purpose",F8="Model / vendor update",F8="New use case",I8="High",I8="Critical"),"Yes","No") -> No | L8: =IF(AND(OR(LEFT(E8,2)="T1",LEFT(E8,2)="T0"),OR(F8="Serious incident",I8="Critical")),"Yes","No") -> No | M8: Closed | N8: Mitigation agreed with owner
A9: EVT-005 | B9: 46282 | C9: AI-007 | D9: =INDEX(Syn_AI_Inventory!$B$5:$B$34,MATCH(C9,Syn_AI_Inventory!$A$5:$A$34,0)) -> Life Insurance Pricing Model | E9: =INDEX(Syn_Tiering!$Q$5:$Q$34,MATCH(C9,Syn_Tiering!$A$5:$A$34,0)) -> T1 - Critical | F9: Model / vendor update | G9: Vendor notice | H9: Vendor released new model version without prior notice | I9: Low | J9: Monitoring Agent | K9: =IF(OR(F9="Change in intended purpose",F9="Model / vendor update",F9="New use case",I9="High",I9="Critical"),"Yes","No") -> Yes | L9: =IF(AND(OR(LEFT(E9,2)="T1",LEFT(E9,2)="T0"),OR(F9="Serious incident",I9="Critical")),"Yes","No") -> No | M9: Closed | N9: Awaiting vendor response
A10: EVT-006 | B10: 46260 | C10: AI-008 | D10: =INDEX(Syn_AI_Inventory!$B$5:$B$34,MATCH(C10,Syn_AI_Inventory!$A$5:$A$34,0)) -> Claims Triage NLP | E10: =INDEX(Syn_Tiering!$Q$5:$Q$34,MATCH(C10,Syn_Tiering!$A$5:$A$34,0)) -> T2 - Elevated | F10: New use case | G10: Change request | H10: Team requests reuse of model for an additional process | I10: Low | J10: Monitoring Agent | K10: =IF(OR(F10="Change in intended purpose",F10="Model / vendor update",F10="New use case",I10="High",I10="Critical"),"Yes","No") -> Yes | L10: =IF(AND(OR(LEFT(E10,2)="T1",LEFT(E10,2)="T0"),OR(F10="Serious incident",I10="Critical")),"Yes","No") -> No | M10: Closed | N10: Root cause analysis in progress
A11: EVT-007 | B11: 46248 | C11: AI-002 | D11: =INDEX(Syn_AI_Inventory!$B$5:$B$34,MATCH(C11,Syn_AI_Inventory!$A$5:$A$34,0)) -> Retail Credit Scoring Model | E11: =INDEX(Syn_Tiering!$Q$5:$Q$34,MATCH(C11,Syn_Tiering!$A$5:$A$34,0)) -> T1 - Critical | F11: Performance degradation | G11: ML monitoring | H11: Accuracy/AUC below agreed threshold for 2 consecutive weeks | I11: Medium | J11: Monitoring Agent | K11: =IF(OR(F11="Change in intended purpose",F11="Model / vendor update",F11="New use case",I11="High",I11="Critical"),"Yes","No") -> No | L11: =IF(AND(OR(LEFT(E11,2)="T1",LEFT(E11,2)="T0"),OR(F11="Serious incident",I11="Critical")),"Yes","No") -> No | M11: Under review | N11: No further action
A12: EVT-008 | B12: 46276 | C12: AI-003 | D12: =INDEX(Syn_AI_Inventory!$B$5:$B$34,MATCH(C12,Syn_AI_Inventory!$A$5:$A$34,0)) -> Aria Customer Service Chatbot | E12: =INDEX(Syn_Tiering!$Q$5:$Q$34,MATCH(C12,Syn_Tiering!$A$5:$A$34,0)) -> T2 - Elevated | F12: Security event | G12: SIEM | H12: Prompt-injection attempt detected in production logs | I12: Critical | J12: Monitoring Agent | K12: =IF(OR(F12="Change in intended purpose",F12="Model / vendor update",F12="New use case",I12="High",I12="Critical"),"Yes","No") -> Yes | L12: =IF(AND(OR(LEFT(E12,2)="T1",LEFT(E12,2)="T0"),OR(F12="Serious incident",I12="Critical")),"Yes","No") -> No | M12: Under review | N12: Awaiting vendor response
A13: EVT-009 | B13: 46289 | C13: AI-007 | D13: =INDEX(Syn_AI_Inventory!$B$5:$B$34,MATCH(C13,Syn_AI_Inventory!$A$5:$A$34,0)) -> Life Insurance Pricing Model | E13: =INDEX(Syn_Tiering!$Q$5:$Q$34,MATCH(C13,Syn_Tiering!$A$5:$A$34,0)) -> T1 - Critical | F13: Serious incident | G13: Incident ticket | H13: Output error caused significant customer harm; investigation opened | I13: Critical | J13: Incident Triage Agent | K13: =IF(OR(F13="Change in intended purpose",F13="Model / vendor update",F13="New use case",I13="High",I13="Critical"),"Yes","No") -> Yes | L13: =IF(AND(OR(LEFT(E13,2)="T1",LEFT(E13,2)="T0"),OR(F13="Serious incident",I13="Critical")),"Yes","No") -> Yes | M13: Open | N13: Mitigation agreed with owner
A14: EVT-010 | B14: 46276 | C14: AI-005 | D14: =INDEX(Syn_AI_Inventory!$B$5:$B$34,MATCH(C14,Syn_AI_Inventory!$A$5:$A$34,0)) -> Marketing Copy Generator | E14: =INDEX(Syn_Tiering!$Q$5:$Q$34,MATCH(C14,Syn_Tiering!$A$5:$A$34,0)) -> T2 - Elevated | F14: Bias metric breach | G14: Fairness monitor | H14: Selection-rate ratio outside tolerance for a protected subgroup | I14: Medium | J14: Monitoring Agent | K14: =IF(OR(F14="Change in intended purpose",F14="Model / vendor update",F14="New use case",I14="High",I14="Critical"),"Yes","No") -> No | L14: =IF(AND(OR(LEFT(E14,2)="T1",LEFT(E14,2)="T0"),OR(F14="Serious incident",I14="Critical")),"Yes","No") -> No | M14: Closed | N14: Mitigation agreed with owner
A15: EVT-011 | B15: 46270 | C15: AI-022 | D15: =INDEX(Syn_AI_Inventory!$B$5:$B$34,MATCH(C15,Syn_AI_Inventory!$A$5:$A$34,0)) -> AML Transaction Monitoring | E15: =INDEX(Syn_Tiering!$Q$5:$Q$34,MATCH(C15,Syn_Tiering!$A$5:$A$34,0)) -> T1 - Critical | F15: Model / vendor update | G15: Vendor notice | H15: Vendor released new model version without prior notice | I15: Low | J15: Monitoring Agent | K15: =IF(OR(F15="Change in intended purpose",F15="Model / vendor update",F15="New use case",I15="High",I15="Critical"),"Yes","No") -> Yes | L15: =IF(AND(OR(LEFT(E15,2)="T1",LEFT(E15,2)="T0"),OR(F15="Serious incident",I15="Critical")),"Yes","No") -> No | M15: Closed | N15: Awaiting vendor response
A16: EVT-012 | B16: 46237 | C16: AI-023 | D16: =INDEX(Syn_AI_Inventory!$B$5:$B$34,MATCH(C16,Syn_AI_Inventory!$A$5:$A$34,0)) -> Voice Biometric Authentication | E16: =INDEX(Syn_Tiering!$Q$5:$Q$34,MATCH(C16,Syn_Tiering!$A$5:$A$34,0)) -> T1 - Critical | F16: User complaint | G16: Complaints system | H16: Customers report incorrect or unexplained outputs | I16: High | J16: Monitoring Agent | K16: =IF(OR(F16="Change in intended purpose",F16="Model / vendor update",F16="New use case",I16="High",I16="Critical"),"Yes","No") -> Yes | L16: =IF(AND(OR(LEFT(E16,2)="T1",LEFT(E16,2)="T0"),OR(F16="Serious incident",I16="Critical")),"Yes","No") -> No | M16: Open | N16: Root cause analysis in progress
... A30: EVT-026 | B30: 46258 | C30: AI-029 | D30: =INDEX(Syn_AI_Inventory!$B$5:$B$34,MATCH(C30,Syn_AI_Inventory!$A$5:$A$34,0)) -> Test Data Synthesiser | E30: =INDEX(Syn_Tiering!$Q$5:$Q$34,MATCH(C30,Syn_Tiering!$A$5:$A$34,0)) -> T3 - Standard | F30: Serious incident | G30: Incident ticket | H30: Output error caused significant customer harm; investigation opened | I30: Critical | J30: Incident Triage Agent | K30: =IF(OR(F30="Change in intended purpose",F30="Model / vendor update",F30="New use case",I30="High",I30="Critical"),"Yes","No") -> Yes | L30: =IF(AND(OR(LEFT(E30,2)="T1",LEFT(E30,2)="T0"),OR(F30="Serious incident",I30="Critical")),"Yes","No") -> No | M30: Closed | N30: No further action

Sheet Syn_Agent_Run_Log
A1: Synthetic Agent Run Log (audit trail)
A2: Illustrates ISO 42001 A.6.2.8 / EU Art.12-style logging: every agent action is versioned, attributable and reviewable. All values synthetic.
A4: Run ID | B4: Timestamp | C4: Agent | D4: System ID | E4: Action | F4: Output Summary | G4: Agent / Prompt Version | H4: Tokens | I4: Latency (s) | J4: Confidence | K4: Human Review Required? | L4: Human Decision | M4: Reviewer | N4: Guardrail Flags
A5: RUN-8801 | B5: 46267.797 | C5: Gap Assessment Agent | D5: AI-015 | E5: Assess requirement | F5: Status proposed with rationale and evidence citations | G5: agent v1.1 / prompt 2026.08 | H5: 1901 | I5: 11 | J5: 0.67 | K5: =IF(J5<Config!$B$12,"Yes","No") -> Yes | L5: Approved | M5: L. Okafor (Model Risk) | N5: None
A6: RUN-8802 | B6: 46268.344 | C6: Incident Triage Agent | D6: AI-026 | E6: Triage incident | F6: Art.73 candidate flagged; deadline computed | G6: agent v1.1 / prompt 2026.08 | H6: 7678 | I6: 26.3 | J6: 0.77 | K6: =IF(J6<Config!$B$12,"Yes","No") -> Yes | L6: Approved | M6: L. Okafor (Model Risk) | N6: None
A7: RUN-8803 | B7: 46269.005 | C7: Monitoring & Re-tiering Agent | D7: AI-015 | E7: Evaluate change event | F7: Material change detected; re-tier request created | G7: agent v1.1 / prompt 2026.08 | H7: 8989 | I7: 24.7 | J7: 0.79 | K7: =IF(J7<Config!$B$12,"Yes","No") -> Yes | L7: Approved | M7: Priya Nair (AI Governance) | N7: None
A8: RUN-8804 | B8: 46269.685 | C8: Framework Mapping Agent | D8: AI-005 | E8: Apply tier to crosswalk | F8: Applicable requirements list generated | G8: agent v1.1 / prompt 2026.08 | H8: 3756 | I8: 22.7 | J8: 0.8 | K8: =IF(J8<Config!$B$12,"Yes","No") -> Yes | L8: Approved | M8: Marcus Cole (Legal) | N8: None
A9: RUN-8805 | B9: 46269.722 | C9: Tier Review & Challenge Agent | D9: AI-028 | E9: Challenge tier | F9: Counter-argument generated; disagreement flag set | G9: agent v1.1 / prompt 2026.08 | H9: 5643 | I9: 13.6 | J9: 0.8 | K9: =IF(J9<Config!$B$12,"Yes","No") -> Yes | L9: Approved | M9: L. Okafor (Model Risk) | N9: Prohibited-practice escalation
A10: RUN-8806 | B10: 46270.077 | C10: Monitoring & Re-tiering Agent | D10: AI-002 | E10: Evaluate change event | F10: Material change detected; re-tier request created | G10: agent v1.1 / prompt 2026.08 | H10: 6036 | I10: 27.4 | J10: 0.77 | K10: =IF(J10<Config!$B$12,"Yes","No") -> Yes | L10: Approved | M10: L. Okafor (Model Risk) | N10: None
A11: RUN-8807 | B11: 46271.076 | C11: Regulatory Knowledge Agent | D11: AI-006 | E11: Retrieve Art.5 prohibited practices | F11: Returned 5 passages; effective dates attached | G11: agent v1.1 / prompt 2026.08 | H11: 5520 | I11: 11 | J11: 0.9 | K11: =IF(J11<Config!$B$12,"Yes","No") -> No | L11: Auto-accepted | M11: — | N11: Citation missing → retry
A12: RUN-8808 | B12: 46271.547 | C12: Evidence Collection Agent | D12: AI-014 | E12: Collect evidence for requirement | F12: Linked 3 artefacts; freshness check passed | G12: agent v1.1 / prompt 2026.08 | H12: 2013 | I12: 19.2 | J12: 0.81 | K12: =IF(J12<Config!$B$12,"Yes","No") -> Yes | L12: Approved | M12: L. Okafor (Model Risk) | N12: None
A13: RUN-8809 | B13: 46272.001 | C13: Monitoring & Re-tiering Agent | D13: AI-002 | E13: Evaluate change event | F13: Material change detected; re-tier request created | G13: agent v1.1 / prompt 2026.08 | H13: 6572 | I13: 22.7 | J13: 0.66 | K13: =IF(J13<Config!$B$12,"Yes","No") -> Yes | L13: Approved | M13: L. Okafor (Model Risk) | N13: None
A14: RUN-8810 | B14: 46272.471 | C14: Evidence Collection Agent | D14: AI-015 | E14: Collect evidence for requirement | F14: Linked 3 artefacts; freshness check passed | G14: agent v1.1 / prompt 2026.08 | H14: 7832 | I14: 2.1 | J14: 0.85 | K14: =IF(J14<Config!$B$12,"Yes","No") -> No | L14: Auto-accepted | M14: — | N14: None
A15: RUN-8811 | B15: 46272.547 | C15: Framework Mapping Agent | D15: AI-004 | E15: Apply tier to crosswalk | F15: Applicable requirements list generated | G15: agent v1.1 / prompt 2026.08 | H15: 1427 | I15: 12.9 | J15: 0.66 | K15: =IF(J15<Config!$B$12,"Yes","No") -> Yes | L15: Approved | M15: Marcus Cole (Legal) | N15: None
A16: RUN-8812 | B16: 46273.447 | C16: Incident Triage Agent | D16: AI-027 | E16: Triage incident | F16: Art.73 candidate flagged; deadline computed | G16: agent v1.1 / prompt 2026.08 | H16: 8072 | I16: 15.4 | J16: 0.71 | K16: =IF(J16<Config!$B$12,"Yes","No") -> Yes | L16: Approved | M16: Priya Nair (AI Governance) | N16: None
... A52: RUN-8848 | B52: 46291.808 | C52: Remediation Planning Agent | D52: AI-022 | E52: Draft remediation plan | F52: Actions drafted with owner roles and SLA | G52: agent v1.1 / prompt 2026.08 | H52: 3327 | I52: 8.2 | J52: 0.76 | K52: =IF(J52<Config!$B$12,"Yes","No") -> Yes | L52: Approved | M52: L. Okafor (Model Risk) | N52: None
