Workbook

Sheet Student Subject Report
A1: Student-wise Cumulative Subject Attendance Report
A2: June to November 2026 | III B.ASLP (IV Semester) | Formula-based report for 41 students
A3: Each percentage is calculated as cumulative attended hours divided by cumulative allotted hours. Theory and Practical are combined for MSDC, LDC, DA and IHD.
A4: S.No | B4: Student Name | C4: MSDC | E4: LDC | G4: DA | I4: IHD | K4: Clinical SLP | M4: Clinical Audio | O4: Overall
C5: Attended Hours | D5: Attendance % | E5: Attended Hours | F5: Attendance % | G5: Attended Hours | H5: Attendance % | I5: Attended Hours | J5: Attendance % | K5: Attended Hours | L5: Attendance % | M5: Attended Hours | N5: Attendance % | O5: Attended Hours | P5: Attendance %
A6: 1 | B6: A Vinayaa Sri | C6: =SUM(June!C3:D3,July!C3:D3,August!C3:D3,September!C3:D3,October!C3:D3,November!C3:D3) -> 56.5 | D6: =IFERROR(C6/('Allotted Hours'!$B$10+'Allotted Hours'!$C$10),0) -> 0.9338843 | E6: =SUM(June!E3:F3,July!E3:F3,August!E3:F3,September!E3:F3,October!E3:F3,November!E3:F3) -> 56 | F6: =IFERROR(E6/('Allotted Hours'!$D$10+'Allotted Hours'!$E$10),0) -> 0.98245614 | G6: =SUM(June!G3:H3,July!G3:H3,August!G3:H3,September!G3:H3,October!G3:H3,November!G3:H3) -> 59 | H6: =IFERROR(G6/('Allotted Hours'!$F$10+'Allotted Hours'!$G$10),0) -> 0.96721311 | I6: =SUM(June!I3:J3,July!I3:J3,August!I3:J3,September!I3:J3,October!I3:J3,November!I3:J3) -> 54 | J6: =IFERROR(I6/('Allotted Hours'!$H$10+'Allotted Hours'!$I$10),0) -> 0.94736842 | K6: =SUM(June!K3,July!K3,August!K3,September!K3,October!K3,November!K3) -> 20 | L6: =IFERROR(K6/'Allotted Hours'!$J$10,0) -> 1 | M6: =SUM(June!L3,July!L3,August!L3,September!L3,October!L3,November!L3) -> 16 | N6: =IFERROR(M6/'Allotted Hours'!$K$10,0) -> 1 | O6: =SUM(C6,E6,G6,I6,K6,M6) -> 261.5 | P6: =IFERROR(O6/'Allotted Hours'!$L$10,0) -> 0.96316759
A7: 2 | B7: Albert Manuel | C7: =SUM(June!C4:D4,July!C4:D4,August!C4:D4,September!C4:D4,October!C4:D4,November!C4:D4) -> 54 | D7: =IFERROR(C7/('Allotted Hours'!$B$10+'Allotted Hours'!$C$10),0) -> 0.89256198 | E7: =SUM(June!E4:F4,July!E4:F4,August!E4:F4,September!E4:F4,October!E4:F4,November!E4:F4) -> 49 | F7: =IFERROR(E7/('Allotted Hours'!$D$10+'Allotted Hours'!$E$10),0) -> 0.85964912 | G7: =SUM(June!G4:H4,July!G4:H4,August!G4:H4,September!G4:H4,October!G4:H4,November!G4:H4) -> 56.5 | H7: =IFERROR(G7/('Allotted Hours'!$F$10+'Allotted Hours'!$G$10),0) -> 0.92622951 | I7: =SUM(June!I4:J4,July!I4:J4,August!I4:J4,September!I4:J4,October!I4:J4,November!I4:J4) -> 55 | J7: =IFERROR(I7/('Allotted Hours'!$H$10+'Allotted Hours'!$I$10),0) -> 0.96491228 | K7: =SUM(June!K4,July!K4,August!K4,September!K4,October!K4,November!K4) -> 15 | L7: =IFERROR(K7/'Allotted Hours'!$J$10,0) -> 0.75 | M7: =SUM(June!L4,July!L4,August!L4,September!L4,October!L4,November!L4) -> 16 | N7: =IFERROR(M7/'Allotted Hours'!$K$10,0) -> 1 | O7: =SUM(C7,E7,G7,I7,K7,M7) -> 245.5 | P7: =IFERROR(O7/'Allotted Hours'!$L$10,0) -> 0.90423573
A8: 3 | B8: Allen Joe I | C8: =SUM(June!C5:D5,July!C5:D5,August!C5:D5,September!C5:D5,October!C5:D5,November!C5:D5) -> 47 | D8: =IFERROR(C8/('Allotted Hours'!$B$10+'Allotted Hours'!$C$10),0) -> 0.7768595 | E8: =SUM(June!E5:F5,July!E5:F5,August!E5:F5,September!E5:F5,October!E5:F5,November!E5:F5) -> 44 | F8: =IFERROR(E8/('Allotted Hours'!$D$10+'Allotted Hours'!$E$10),0) -> 0.77192982 | G8: =SUM(June!G5:H5,July!G5:H5,August!G5:H5,September!G5:H5,October!G5:H5,November!G5:H5) -> 48.5 | H8: =IFERROR(G8/('Allotted Hours'!$F$10+'Allotted Hours'!$G$10),0) -> 0.79508197 | I8: =SUM(June!I5:J5,July!I5:J5,August!I5:J5,September!I5:J5,October!I5:J5,November!I5:J5) -> 47 | J8: =IFERROR(I8/('Allotted Hours'!$H$10+'Allotted Hours'!$I$10),0) -> 0.8245614 | K8: =SUM(June!K5,July!K5,August!K5,September!K5,October!K5,November!K5) -> 17 | L8: =IFERROR(K8/'Allotted Hours'!$J$10,0) -> 0.85 | M8: =SUM(June!L5,July!L5,August!L5,September!L5,October!L5,November!L5) -> 14 | N8: =IFERROR(M8/'Allotted Hours'!$K$10,0) -> 0.875 | O8: =SUM(C8,E8,G8,I8,K8,M8) -> 217.5 | P8: =IFERROR(O8/'Allotted Hours'!$L$10,0) -> 0.80110497
A9: 4 | B9: Amy Maria George | C9: =SUM(June!C6:D6,July!C6:D6,August!C6:D6,September!C6:D6,October!C6:D6,November!C6:D6) -> 54.5 | D9: =IFERROR(C9/('Allotted Hours'!$B$10+'Allotted Hours'!$C$10),0) -> 0.90082645 | E9: =SUM(June!E6:F6,July!E6:F6,August!E6:F6,September!E6:F6,October!E6:F6,November!E6:F6) -> 53 | F9: =IFERROR(E9/('Allotted Hours'!$D$10+'Allotted Hours'!$E$10),0) -> 0.92982456 | G9: =SUM(June!G6:H6,July!G6:H6,August!G6:H6,September!G6:H6,October!G6:H6,November!G6:H6) -> 53 | H9: =IFERROR(G9/('Allotted Hours'!$F$10+'Allotted Hours'!$G$10),0) -> 0.86885246 | I9: =SUM(June!I6:J6,July!I6:J6,August!I6:J6,September!I6:J6,October!I6:J6,November!I6:J6) -> 51 | J9: =IFERROR(I9/('Allotted Hours'!$H$10+'Allotted Hours'!$I$10),0) -> 0.89473684 | K9: =SUM(June!K6,July!K6,August!K6,September!K6,October!K6,November!K6) -> 17 | L9: =IFERROR(K9/'Allotted Hours'!$J$10,0) -> 0.85 | M9: =SUM(June!L6,July!L6,August!L6,September!L6,October!L6,November!L6) -> 16 | N9: =IFERROR(M9/'Allotted Hours'!$K$10,0) -> 1 | O9: =SUM(C9,E9,G9,I9,K9,M9) -> 244.5 | P9: =IFERROR(O9/'Allotted Hours'!$L$10,0) -> 0.90055249
A10: 5 | B10: Arva M | C10: =SUM(June!C7:D7,July!C7:D7,August!C7:D7,September!C7:D7,October!C7:D7,November!C7:D7) -> 47 | D10: =IFERROR(C10/('Allotted Hours'!$B$10+'Allotted Hours'!$C$10),0) -> 0.7768595 | E10: =SUM(June!E7:F7,July!E7:F7,August!E7:F7,September!E7:F7,October!E7:F7,November!E7:F7) -> 46 | F10: =IFERROR(E10/('Allotted Hours'!$D$10+'Allotted Hours'!$E$10),0) -> 0.80701754 | G10: =SUM(June!G7:H7,July!G7:H7,August!G7:H7,September!G7:H7,October!G7:H7,November!G7:H7) -> 49 | H10: =IFERROR(G10/('Allotted Hours'!$F$10+'Allotted Hours'!$G$10),0) -> 0.80327869 | I10: =SUM(June!I7:J7,July!I7:J7,August!I7:J7,September!I7:J7,October!I7:J7,November!I7:J7) -> 44 | J10: =IFERROR(I10/('Allotted Hours'!$H$10+'Allotted Hours'!$I$10),0) -> 0.77192982 | K10: =SUM(June!K7,July!K7,August!K7,September!K7,October!K7,November!K7) -> 15 | L10: =IFERROR(K10/'Allotted Hours'!$J$10,0) -> 0.75 | M10: =SUM(June!L7,July!L7,August!L7,September!L7,October!L7,November!L7) -> 12 | N10: =IFERROR(M10/'Allotted Hours'!$K$10,0) -> 0.75 | O10: =SUM(C10,E10,G10,I10,K10,M10) -> 213 | P10: =IFERROR(O10/'Allotted Hours'!$L$10,0) -> 0.78453039
A11: 6 | B11: B Reshma Bala | C11: =SUM(June!C8:D8,July!C8:D8,August!C8:D8,September!C8:D8,October!C8:D8,November!C8:D8) -> 58.5 | D11: =IFERROR(C11/('Allotted Hours'!$B$10+'Allotted Hours'!$C$10),0) -> 0.96694215 | E11: =SUM(June!E8:F8,July!E8:F8,August!E8:F8,September!E8:F8,October!E8:F8,November!E8:F8) -> 55 | F11: =IFERROR(E11/('Allotted Hours'!$D$10+'Allotted Hours'!$E$10),0) -> 0.96491228 | G11: =SUM(June!G8:H8,July!G8:H8,August!G8:H8,September!G8:H8,October!G8:H8,November!G8:H8) -> 59 | H11: =IFERROR(G11/('Allotted Hours'!$F$10+'Allotted Hours'!$G$10),0) -> 0.96721311 | I11: =SUM(June!I8:J8,July!I8:J8,August!I8:J8,September!I8:J8,October!I8:J8,November!I8:J8) -> 57 | J11: =IFERROR(I11/('Allotted Hours'!$H$10+'Allotted Hours'!$I$10),0) -> 1 | K11: =SUM(June!K8,July!K8,August!K8,September!K8,October!K8,November!K8) -> 19 | L11: =IFERROR(K11/'Allotted Hours'!$J$10,0) -> 0.95 | M11: =SUM(June!L8,July!L8,August!L8,September!L8,October!L8,November!L8) -> 16 | N11: =IFERROR(M11/'Allotted Hours'!$K$10,0) -> 1 | O11: =SUM(C11,E11,G11,I11,K11,M11) -> 264.5 | P11: =IFERROR(O11/'Allotted Hours'!$L$10,0) -> 0.97421731
A12: 7 | B12: Bivin Shanu I | C12: =SUM(June!C9:D9,July!C9:D9,August!C9:D9,September!C9:D9,October!C9:D9,November!C9:D9) -> 50.5 | D12: =IFERROR(C12/('Allotted Hours'!$B$10+'Allotted Hours'!$C$10),0) -> 0.83471074 | E12: =SUM(June!E9:F9,July!E9:F9,August!E9:F9,September!E9:F9,October!E9:F9,November!E9:F9) -> 45 | F12: =IFERROR(E12/('Allotted Hours'!$D$10+'Allotted Hours'!$E$10),0) -> 0.78947368 | G12: =SUM(June!G9:H9,July!G9:H9,August!G9:H9,September!G9:H9,October!G9:H9,November!G9:H9) -> 57 | H12: =IFERROR(G12/('Allotted Hours'!$F$10+'Allotted Hours'!$G$10),0) -> 0.93442623 | I12: =SUM(June!I9:J9,July!I9:J9,August!I9:J9,September!I9:J9,October!I9:J9,November!I9:J9) -> 48 | J12: =IFERROR(I12/('Allotted Hours'!$H$10+'Allotted Hours'!$I$10),0) -> 0.84210526 | K12: =SUM(June!K9,July!K9,August!K9,September!K9,October!K9,November!K9) -> 18 | L12: =IFERROR(K12/'Allotted Hours'!$J$10,0) -> 0.9 | M12: =SUM(June!L9,July!L9,August!L9,September!L9,October!L9,November!L9) -> 13 | N12: =IFERROR(M12/'Allotted Hours'!$K$10,0) -> 0.8125 | O12: =SUM(C12,E12,G12,I12,K12,M12) -> 231.5 | P12: =IFERROR(O12/'Allotted Hours'!$L$10,0) -> 0.85267035
A13: 8 | B13: Dasu Sai Durga | C13: =SUM(June!C10:D10,July!C10:D10,August!C10:D10,September!C10:D10,October!C10:D10,November!C10:D10) -> 57 | D13: =IFERROR(C13/('Allotted Hours'!$B$10+'Allotted Hours'!$C$10),0) -> 0.94214876 | E13: =SUM(June!E10:F10,July!E10:F10,August!E10:F10,September!E10:F10,October!E10:F10,November!E10:F10) -> 53 | F13: =IFERROR(E13/('Allotted Hours'!$D$10+'Allotted Hours'!$E$10),0) -> 0.92982456 | G13: =SUM(June!G10:H10,July!G10:H10,August!G10:H10,September!G10:H10,October!G10:H10,November!G10:H10) -> 53 | H13: =IFERROR(G13/('Allotted Hours'!$F$10+'Allotted Hours'!$G$10),0) -> 0.86885246 | I13: =SUM(June!I10:J10,July!I10:J10,August!I10:J10,September!I10:J10,October!I10:J10,November!I10:J10) -> 48 | J13: =IFERROR(I13/('Allotted Hours'!$H$10+'Allotted Hours'!$I$10),0) -> 0.84210526 | K13: =SUM(June!K10,July!K10,August!K10,September!K10,October!K10,November!K10) -> 20 | L13: =IFERROR(K13/'Allotted Hours'!$J$10,0) -> 1 | M13: =SUM(June!L10,July!L10,August!L10,September!L10,October!L10,November!L10) -> 13 | N13: =IFERROR(M13/'Allotted Hours'!$K$10,0) -> 0.8125 | O13: =SUM(C13,E13,G13,I13,K13,M13) -> 244 | P13: =IFERROR(O13/'Allotted Hours'!$L$10,0) -> 0.89871087
A14: 9 | B14: Deepalakshmi A | C14: =SUM(June!C11:D11,July!C11:D11,August!C11:D11,September!C11:D11,October!C11:D11,November!C11:D11) -> 55.5 | D14: =IFERROR(C14/('Allotted Hours'!$B$10+'Allotted Hours'!$C$10),0) -> 0.91735537 | E14: =SUM(June!E11:F11,July!E11:F11,August!E11:F11,September!E11:F11,October!E11:F11,November!E11:F11) -> 54 | F14: =IFERROR(E14/('Allotted Hours'!$D$10+'Allotted Hours'!$E$10),0) -> 0.94736842 | G14: =SUM(June!G11:H11,July!G11:H11,August!G11:H11,September!G11:H11,October!G11:H11,November!G11:H11) -> 57 | H14: =IFERROR(G14/('Allotted Hours'!$F$10+'Allotted Hours'!$G$10),0) -> 0.93442623 | I14: =SUM(June!I11:J11,July!I11:J11,August!I11:J11,September!I11:J11,October!I11:J11,November!I11:J11) -> 57 | J14: =IFERROR(I14/('Allotted Hours'!$H$10+'Allotted Hours'!$I$10),0) -> 1 | K14: =SUM(June!K11,July!K11,August!K11,September!K11,October!K11,November!K11) -> 17 | L14: =IFERROR(K14/'Allotted Hours'!$J$10,0) -> 0.85 | M14: =SUM(June!L11,July!L11,August!L11,September!L11,October!L11,November!L11) -> 14 | N14: =IFERROR(M14/'Allotted Hours'!$K$10,0) -> 0.875 | O14: =SUM(C14,E14,G14,I14,K14,M14) -> 254.5 | P14: =IFERROR(O14/'Allotted Hours'!$L$10,0) -> 0.9373849
A15: 10 | B15: Dhanuja Sri T | C15: =SUM(June!C12:D12,July!C12:D12,August!C12:D12,September!C12:D12,October!C12:D12,November!C12:D12) -> 58.5 | D15: =IFERROR(C15/('Allotted Hours'!$B$10+'Allotted Hours'!$C$10),0) -> 0.96694215 | E15: =SUM(June!E12:F12,July!E12:F12,August!E12:F12,September!E12:F12,October!E12:F12,November!E12:F12) -> 53 | F15: =IFERROR(E15/('Allotted Hours'!$D$10+'Allotted Hours'!$E$10),0) -> 0.92982456 | G15: =SUM(June!G12:H12,July!G12:H12,August!G12:H12,September!G12:H12,October!G12:H12,November!G12:H12) -> 57 | H15: =IFERROR(G15/('Allotted Hours'!$F$10+'Allotted Hours'!$G$10),0) -> 0.93442623 | I15: =SUM(June!I12:J12,July!I12:J12,August!I12:J12,September!I12:J12,October!I12:J12,November!I12:J12) -> 54 | J15: =IFERROR(I15/('Allotted Hours'!$H$10+'Allotted Hours'!$I$10),0) -> 0.94736842 | K15: =SUM(June!K12,July!K12,August!K12,September!K12,October!K12,November!K12) -> 20 | L15: =IFERROR(K15/'Allotted Hours'!$J$10,0) -> 1 | M15: =SUM(June!L12,July!L12,August!L12,September!L12,October!L12,November!L12) -> 16 | N15: =IFERROR(M15/'Allotted Hours'!$K$10,0) -> 1 | O15: =SUM(C15,E15,G15,I15,K15,M15) -> 258.5 | P15: =IFERROR(O15/'Allotted Hours'!$L$10,0) -> 0.95211786
A16: 11 | B16: Guhan Raj B | C16: =SUM(June!C13:D13,July!C13:D13,August!C13:D13,September!C13:D13,October!C13:D13,November!C13:D13) -> 53.5 | D16: =IFERROR(C16/('Allotted Hours'!$B$10+'Allotted Hours'!$C$10),0) -> 0.88429752 | E16: =SUM(June!E13:F13,July!E13:F13,August!E13:F13,September!E13:F13,October!E13:F13,November!E13:F13) -> 49 | F16: =IFERROR(E16/('Allotted Hours'!$D$10+'Allotted Hours'!$E$10),0) -> 0.85964912 | G16: =SUM(June!G13:H13,July!G13:H13,August!G13:H13,September!G13:H13,October!G13:H13,November!G13:H13) -> 45 | H16: =IFERROR(G16/('Allotted Hours'!$F$10+'Allotted Hours'!$G$10),0) -> 0.73770492 | I16: =SUM(June!I13:J13,July!I13:J13,August!I13:J13,September!I13:J13,October!I13:J13,November!I13:J13) -> 45 | J16: =IFERROR(I16/('Allotted Hours'!$H$10+'Allotted Hours'!$I$10),0) -> 0.78947368 | K16: =SUM(June!K13,July!K13,August!K13,September!K13,October!K13,November!K13) -> 17 | L16: =IFERROR(K16/'Allotted Hours'!$J$10,0) -> 0.85 | M16: =SUM(June!L13,July!L13,August!L13,September!L13,October!L13,November!L13) -> 15 | N16: =IFERROR(M16/'Allotted Hours'!$K$10,0) -> 0.9375 | O16: =SUM(C16,E16,G16,I16,K16,M16) -> 224.5 | P16: =IFERROR(O16/'Allotted Hours'!$L$10,0) -> 0.82688766
A17: 12 | B17: Hamsika Srinidhi S | C17: =SUM(June!C14:D14,July!C14:D14,August!C14:D14,September!C14:D14,October!C14:D14,November!C14:D14) -> 54.5 | D17: =IFERROR(C17/('Allotted Hours'!$B$10+'Allotted Hours'!$C$10),0) -> 0.90082645 | E17: =SUM(June!E14:F14,July!E14:F14,August!E14:F14,September!E14:F14,October!E14:F14,November!E14:F14) -> 51 | F17: =IFERROR(E17/('Allotted Hours'!$D$10+'Allotted Hours'!$E$10),0) -> 0.89473684 | G17: =SUM(June!G14:H14,July!G14:H14,August!G14:H14,September!G14:H14,October!G14:H14,November!G14:H14) -> 53 | H17: =IFERROR(G17/('Allotted Hours'!$F$10+'Allotted Hours'!$G$10),0) -> 0.86885246 | I17: =SUM(June!I14:J14,July!I14:J14,August!I14:J14,September!I14:J14,October!I14:J14,November!I14:J14) -> 55 | J17: =IFERROR(I17/('Allotted Hours'!$H$10+'Allotted Hours'!$I$10),0) -> 0.96491228 | K17: =SUM(June!K14,July!K14,August!K14,September!K14,October!K14,November!K14) -> 17 | L17: =IFERROR(K17/'Allotted Hours'!$J$10,0) -> 0.85 | M17: =SUM(June!L14,July!L14,August!L14,September!L14,October!L14,November!L14) -> 13 | N17: =IFERROR(M17/'Allotted Hours'!$K$10,0) -> 0.8125 | O17: =SUM(C17,E17,G17,I17,K17,M17) -> 243.5 | P17: =IFERROR(O17/'Allotted Hours'!$L$10,0) -> 0.89686924
... A46: 41 | B46: Mandumula Prithika | C46: =SUM(June!C43:D43,July!C43:D43,August!C43:D43,September!C43:D43,October!C43:D43,November!C43:D43) -> 36.5 | D46: =IFERROR(C46/('Allotted Hours'!$B$10+'Allotted Hours'!$C$10),0) -> 0.60330579 | E46: =SUM(June!E43:F43,July!E43:F43,August!E43:F43,September!E43:F43,October!E43:F43,November!E43:F43) -> 30 | F46: =IFERROR(E46/('Allotted Hours'!$D$10+'Allotted Hours'!$E$10),0) -> 0.52631579 | G46: =SUM(June!G43:H43,July!G43:H43,August!G43:H43,September!G43:H43,October!G43:H43,November!G43:H43) -> 41 | H46: =IFERROR(G46/('Allotted Hours'!$F$10+'Allotted Hours'!$G$10),0) -> 0.67213115 | I46: =SUM(June!I43:J43,July!I43:J43,August!I43:J43,September!I43:J43,October!I43:J43,November!I43:J43) -> 36 | J46: =IFERROR(I46/('Allotted Hours'!$H$10+'Allotted Hours'!$I$10),0) -> 0.63157895 | K46: =SUM(June!K43,July!K43,August!K43,September!K43,October!K43,November!K43) -> 13 | L46: =IFERROR(K46/'Allotted Hours'!$J$10,0) -> 0.65 | M46: =SUM(June!L43,July!L43,August!L43,September!L43,October!L43,November!L43) -> 12 | N46: =IFERROR(M46/'Allotted Hours'!$K$10,0) -> 0.75 | O46: =SUM(C46,E46,G46,I46,K46,M46) -> 168.5 | P46: =IFERROR(O46/'Allotted Hours'!$L$10,0) -> 0.62062615

Sheet June
A1: June 2026 Attendance Source Data
A2: S.No | B2: Student Name | C2: MSDC T | D2: MSDC P | E2: LDC T | F2: LDC P | G2: DA T | H2: DA P | I2: IHD T | J2: IHD P | K2: Clinical SLP | L2: Clinical Audio
A3: 1 | B3: A Vinayaa Sri | C3: 12.5 | D3: 1 | E3: 9 | F3: 0 | G3: 8 | H3: 0 | I3: 7 | J3: 2 | K3: 4 | L3: 6
A4: 2 | B4: Albert Manuel | C4: 13 | D4: 1 | E4: 9 | F4: 0 | G4: 10 | H4: 0 | I4: 7 | J4: 2 | K4: 2 | L4: 6
A5: 3 | B5: Allen Joe I | C5: 12 | D5: 1 | E5: 8 | F5: 0 | G5: 10 | H5: 0 | I5: 5 | J5: 2 | K5: 4 | L5: 5
A6: 4 | B6: Amy Maria George | C6: 12.5 | D6: 1 | E6: 9 | F6: 0 | G6: 8 | H6: 0 | I6: 7 | J6: 2 | K6: 2 | L6: 6
A7: 5 | B7: Arva M | C7: 7 | D7: 1 | E7: 4 | F7: 0 | G7: 4 | H7: 0 | I7: 4 | J7: 2 | K7: 2 | L7: 4
A8: 6 | B8: B Reshma Bala | C8: 13.5 | D8: 1 | E8: 8 | F8: 0 | G8: 10 | H8: 0 | I8: 7 | J8: 2 | K8: 4 | L8: 6
A9: 7 | B9: Bivin Shanu I | C9: 12.5 | D9: 1 | E9: 6 | F9: 0 | G9: 8 | H9: 0 | I9: 6 | J9: 2 | K9: 4 | L9: 3
A10: 8 | B10: Dasu Sai Durga | C10: 13 | D10: 1 | E10: 9 | F10: 0 | G10: 10 | H10: 0 | I10: 5 | J10: 2 | K10: 4 | L10: 5
A11: 9 | B11: Deepalakshmi A | C11: 11.5 | D11: 0 | E11: 7 | F11: 0 | G11: 10 | H11: 0 | I11: 7 | J11: 2 | K11: 3 | L11: 4
A12: 10 | B12: Dhanuja Sri T | C12: 14.5 | D12: 1 | E12: 9 | F12: 0 | G12: 10 | H12: 0 | I12: 7 | J12: 2 | K12: 4 | L12: 6
A13: 11 | B13: Guhan Raj B | C13: 13.5 | D13: 1 | E13: 8 | F13: 0 | G13: 7 | H13: 0 | I13: 6 | J13: 2 | K13: 4 | L13: 5
A14: 12 | B14: Hamsika Srinidhi S | C14: 12.5 | D14: 1 | E14: 7 | F14: 0 | G14: 10 | H14: 0 | I14: 7 | J14: 2 | K14: 4 | L14: 4
... A43: 41 | B43: Mandumula Prithika | C43: 9.5 | D43: 1 | E43: 5 | F43: 0 | G43: 10 | H43: 0 | I43: 3 | J43: 2 | K43: 4 | L43: 3

Sheet July
A1: July 2026 Attendance Source Data
A2: S.No | B2: Student Name | C2: MSDC T | D2: MSDC P | E2: LDC T | F2: LDC P | G2: DA T | H2: DA P | I2: IHD T | J2: IHD P | K2: Clinical SLP | L2: Clinical Audio
A3: 1 | B3: A Vinayaa Sri | C3: 15 | D3: 2 | E3: 11 | F3: 7 | G3: 18 | H3: 2 | I3: 13 | J3: 5 | K3: 6 | L3: 5
A4: 2 | B4: Albert Manuel | C4: 13 | D4: 2 | E4: 7 | F4: 6 | G4: 18 | H4: 2 | I4: 13 | J4: 3 | K4: 5 | L4: 5
A5: 3 | B5: Allen Joe I | C5: 11 | D5: 2 | E5: 8 | F5: 6 | G5: 14 | H5: 2 | I5: 10 | J5: 4 | K5: 5 | L5: 4
A6: 4 | B6: Amy Maria George | C6: 11 | D6: 2 | E6: 9 | F6: 6 | G6: 14 | H6: 2 | I6: 12 | J6: 3 | K6: 5 | L6: 5
A7: 5 | B7: Arva M | C7: 15 | D7: 2 | E7: 11 | F7: 7 | G7: 18 | H7: 2 | I7: 13 | J7: 5 | K7: 6 | L7: 5
A8: 6 | B8: B Reshma Bala | C8: 15 | D8: 2 | E8: 11 | F8: 7 | G8: 18 | H8: 2 | I8: 13 | J8: 5 | K8: 6 | L8: 5
A9: 7 | B9: Bivin Shanu I | C9: 15 | D9: 2 | E9: 5 | F9: 7 | G9: 18 | H9: 2 | I9: 13 | J9: 3 | K9: 5 | L9: 5
A10: 8 | B10: Dasu Sai Durga | C10: 13 | D10: 2 | E10: 11 | F10: 7 | G10: 18 | H10: 2 | I10: 13 | J10: 5 | K10: 6 | L10: 5
A11: 9 | B11: Deepalakshmi A | C11: 15 | D11: 2 | E11: 11 | F11: 7 | G11: 16 | H11: 2 | I11: 13 | J11: 5 | K11: 5 | L11: 5
A12: 10 | B12: Dhanuja Sri T | C12: 12 | D12: 2 | E12: 11 | F12: 4 | G12: 18 | H12: 2 | I12: 13 | J12: 5 | K12: 6 | L12: 5
A13: 11 | B13: Guhan Raj B | C13: 11 | D13: 2 | E13: 10 | F13: 7 | G13: 16 | H13: 2 | I13: 11 | J13: 5 | K13: 6 | L13: 5
A14: 12 | B14: Hamsika Srinidhi S | C14: 15 | D14: 2 | E14: 11 | F14: 6 | G14: 18 | H14: 2 | I14: 12 | J14: 4 | K14: 6 | L14: 5
... A43: 41 | B43: Mandumula Prithika | C43: 5 | D43: 1 | E43: 7 | F43: 2 | G43: 14 | H43: 0 | I43: 13 | J43: 3 | K43: 4 | L43: 5

Sheet August
A1: August 2026 Attendance Source Data
A2: S.No | B2: Student Name | C2: MSDC T | D2: MSDC P | E2: LDC T | F2: LDC P | G2: DA T | H2: DA P | I2: IHD T | J2: IHD P | K2: Clinical SLP | L2: Clinical Audio
A3: 1 | B3: A Vinayaa Sri | C3: 13 | D3: 2 | E3: 10 | F3: 6 | G3: 13.5 | H3: 2.5 | I3: 10 | J3: 4 | K3: 7 | L3: 3
A4: 2 | B4: Albert Manuel | C4: 10 | D4: 2 | E4: 8 | F4: 5 | G4: 9.5 | H4: 2 | I4: 10 | J4: 4 | K4: 5 | L4: 3
A5: 3 | B5: Allen Joe I | C5: 10 | D5: 2 | E5: 8 | F5: 5 | G5: 9.5 | H5: 2 | I5: 10 | J5: 4 | K5: 6 | L5: 3
A6: 4 | B6: Amy Maria George | C6: 13 | D6: 2 | E6: 10 | F6: 6 | G6: 13.5 | H6: 2.5 | I6: 10 | J6: 4 | K6: 7 | L6: 3
A7: 5 | B7: Arva M | C7: 12 | D7: 2 | E7: 7 | F7: 6 | G7: 11.5 | H7: 2.5 | I7: 8 | J7: 4 | K7: 5 | L7: 2
A8: 6 | B8: B Reshma Bala | C8: 12 | D8: 2 | E8: 9 | F8: 6 | G8: 11.5 | H8: 2.5 | I8: 10 | J8: 4 | K8: 6 | L8: 3
A9: 7 | B9: Bivin Shanu I | C9: 12 | D9: 0 | E9: 10 | F9: 3 | G9: 11.5 | H9: 2.5 | I9: 8 | J9: 4 | K9: 6 | L9: 3
A10: 8 | B10: Dasu Sai Durga | C10: 13 | D10: 2 | E10: 9 | F10: 6 | G10: 10 | H10: 2 | I10: 8 | J10: 4 | K10: 7 | L10: 2
A11: 9 | B11: Deepalakshmi A | C11: 12 | D11: 2 | E11: 10 | F11: 5 | G11: 11.5 | H11: 2.5 | I11: 10 | J11: 4 | K11: 6 | L11: 3
A12: 10 | B12: Dhanuja Sri T | C12: 14 | D12: 2 | E12: 10 | F12: 6 | G12: 12 | H12: 2 | I12: 10 | J12: 4 | K12: 7 | L12: 3
A13: 11 | B13: Guhan Raj B | C13: 11 | D13: 2 | E13: 8 | F13: 4 | G13: 10 | H13: 0 | I13: 8 | J13: 4 | K13: 4 | L13: 3
A14: 12 | B14: Hamsika Srinidhi S | C14: 11 | D14: 2 | E14: 10 | F14: 4 | G14: 9.5 | H14: 2.5 | I14: 10 | J14: 4 | K14: 5 | L14: 3
... A43: 41 | B43: Mandumula Prithika | C43: 13 | D43: 2 | E43: 6 | F43: 5 | G43: 8 | H43: 2 | I43: 6 | J43: 2 | K43: 4 | L43: 2

Sheet September
A1: September 2026 Attendance Source Data
A2: S.No | B2: Student Name | C2: MSDC T | D2: MSDC P | E2: LDC T | F2: LDC P | G2: DA T | H2: DA P | I2: IHD T | J2: IHD P | K2: Clinical SLP | L2: Clinical Audio
A3: 1 | B3: A Vinayaa Sri | C3: 11 | D3: 0 | E3: 11 | F3: 2 | G3: 9 | H3: 6 | I3: 13 | J3: 0 | K3: 3 | L3: 2
A4: 2 | B4: Albert Manuel | C4: 12 | D4: 1 | E4: 12 | F4: 2 | G4: 9 | H4: 6 | I4: 16 | J4: 0 | K4: 3 | L4: 2
A5: 3 | B5: Allen Joe I | C5: 8 | D5: 1 | E5: 7 | F5: 2 | G5: 5 | H5: 6 | I5: 12 | J5: 0 | K5: 2 | L5: 2
A6: 4 | B6: Amy Maria George | C6: 12 | D6: 1 | E6: 11 | F6: 2 | G6: 7 | H6: 6 | I6: 13 | J6: 0 | K6: 3 | L6: 2
A7: 5 | B7: Arva M | C7: 8 | D7: 0 | E7: 9 | F7: 2 | G7: 6 | H7: 5 | I7: 8 | J7: 0 | K7: 2 | L7: 1
A8: 6 | B8: B Reshma Bala | C8: 12 | D8: 1 | E8: 12 | F8: 2 | G8: 9 | H8: 6 | I8: 16 | J8: 0 | K8: 3 | L8: 2
A9: 7 | B9: Bivin Shanu I | C9: 8 | D9: 0 | E9: 12 | F9: 2 | G9: 9 | H9: 6 | I9: 12 | J9: 0 | K9: 3 | L9: 2
A10: 8 | B10: Dasu Sai Durga | C10: 12 | D10: 1 | E10: 9 | F10: 2 | G10: 6 | H10: 5 | I10: 11 | J10: 0 | K10: 3 | L10: 1
A11: 9 | B11: Deepalakshmi A | C11: 12 | D11: 1 | E11: 12 | F11: 2 | G11: 9 | H11: 6 | I11: 16 | J11: 0 | K11: 3 | L11: 2
A12: 10 | B12: Dhanuja Sri T | C12: 12 | D12: 1 | E12: 11 | F12: 2 | G12: 7 | H12: 6 | I12: 13 | J12: 0 | K12: 3 | L12: 2
A13: 11 | B13: Guhan Raj B | C13: 12 | D13: 1 | E13: 11 | F13: 1 | G13: 7 | H13: 3 | I13: 9 | J13: 0 | K13: 3 | L13: 2
A14: 12 | B14: Hamsika Srinidhi S | C14: 10 | D14: 1 | E14: 12 | F14: 1 | G14: 6 | H14: 5 | I14: 16 | J14: 0 | K14: 2 | L14: 1
... A43: 41 | B43: Mandumula Prithika | C43: 4 | D43: 1 | E43: 3 | F43: 2 | G43: 2 | H43: 5 | I43: 7 | J43: 0 | K43: 1 | L43: 2

Sheet October
A1: October 2026 Attendance Source Data
A2: S.No | B2: Student Name | C2: MSDC T | D2: MSDC P | E2: LDC T | F2: LDC P | G2: DA T | H2: DA P | I2: IHD T | J2: IHD P | K2: Clinical SLP | L2: Clinical Audio
A3: 1 | B3: A Vinayaa Sri | C3: 0 | D3: 0 | E3: 0 | F3: 0 | G3: 0 | H3: 0 | I3: 0 | J3: 0 | K3: 0 | L3: 0
A4: 2 | B4: Albert Manuel | C4: 0 | D4: 0 | E4: 0 | F4: 0 | G4: 0 | H4: 0 | I4: 0 | J4: 0 | K4: 0 | L4: 0
A5: 3 | B5: Allen Joe I | C5: 0 | D5: 0 | E5: 0 | F5: 0 | G5: 0 | H5: 0 | I5: 0 | J5: 0 | K5: 0 | L5: 0
A6: 4 | B6: Amy Maria George | C6: 0 | D6: 0 | E6: 0 | F6: 0 | G6: 0 | H6: 0 | I6: 0 | J6: 0 | K6: 0 | L6: 0
A7: 5 | B7: Arva M | C7: 0 | D7: 0 | E7: 0 | F7: 0 | G7: 0 | H7: 0 | I7: 0 | J7: 0 | K7: 0 | L7: 0
A8: 6 | B8: B Reshma Bala | C8: 0 | D8: 0 | E8: 0 | F8: 0 | G8: 0 | H8: 0 | I8: 0 | J8: 0 | K8: 0 | L8: 0
A9: 7 | B9: Bivin Shanu I | C9: 0 | D9: 0 | E9: 0 | F9: 0 | G9: 0 | H9: 0 | I9: 0 | J9: 0 | K9: 0 | L9: 0
A10: 8 | B10: Dasu Sai Durga | C10: 0 | D10: 0 | E10: 0 | F10: 0 | G10: 0 | H10: 0 | I10: 0 | J10: 0 | K10: 0 | L10: 0
A11: 9 | B11: Deepalakshmi A | C11: 0 | D11: 0 | E11: 0 | F11: 0 | G11: 0 | H11: 0 | I11: 0 | J11: 0 | K11: 0 | L11: 0
A12: 10 | B12: Dhanuja Sri T | C12: 0 | D12: 0 | E12: 0 | F12: 0 | G12: 0 | H12: 0 | I12: 0 | J12: 0 | K12: 0 | L12: 0
A13: 11 | B13: Guhan Raj B | C13: 0 | D13: 0 | E13: 0 | F13: 0 | G13: 0 | H13: 0 | I13: 0 | J13: 0 | K13: 0 | L13: 0
A14: 12 | B14: Hamsika Srinidhi S | C14: 0 | D14: 0 | E14: 0 | F14: 0 | G14: 0 | H14: 0 | I14: 0 | J14: 0 | K14: 0 | L14: 0
... A43: 41 | B43: Mandumula Prithika | C43: 0 | D43: 0 | E43: 0 | F43: 0 | G43: 0 | H43: 0 | I43: 0 | J43: 0 | K43: 0 | L43: 0

Sheet November
A1: November 2026 Attendance Source Data
A2: S.No | B2: Student Name | C2: MSDC T | D2: MSDC P | E2: LDC T | F2: LDC P | G2: DA T | H2: DA P | I2: IHD T | J2: IHD P | K2: Clinical SLP | L2: Clinical Audio
A3: 1 | B3: A Vinayaa Sri | C3: 0 | D3: 0 | E3: 0 | F3: 0 | G3: 0 | H3: 0 | I3: 0 | J3: 0 | K3: 0 | L3: 0
A4: 2 | B4: Albert Manuel | C4: 0 | D4: 0 | E4: 0 | F4: 0 | G4: 0 | H4: 0 | I4: 0 | J4: 0 | K4: 0 | L4: 0
A5: 3 | B5: Allen Joe I | C5: 0 | D5: 0 | E5: 0 | F5: 0 | G5: 0 | H5: 0 | I5: 0 | J5: 0 | K5: 0 | L5: 0
A6: 4 | B6: Amy Maria George | C6: 0 | D6: 0 | E6: 0 | F6: 0 | G6: 0 | H6: 0 | I6: 0 | J6: 0 | K6: 0 | L6: 0
A7: 5 | B7: Arva M | C7: 0 | D7: 0 | E7: 0 | F7: 0 | G7: 0 | H7: 0 | I7: 0 | J7: 0 | K7: 0 | L7: 0
A8: 6 | B8: B Reshma Bala | C8: 0 | D8: 0 | E8: 0 | F8: 0 | G8: 0 | H8: 0 | I8: 0 | J8: 0 | K8: 0 | L8: 0
A9: 7 | B9: Bivin Shanu I | C9: 0 | D9: 0 | E9: 0 | F9: 0 | G9: 0 | H9: 0 | I9: 0 | J9: 0 | K9: 0 | L9: 0
A10: 8 | B10: Dasu Sai Durga | C10: 0 | D10: 0 | E10: 0 | F10: 0 | G10: 0 | H10: 0 | I10: 0 | J10: 0 | K10: 0 | L10: 0
A11: 9 | B11: Deepalakshmi A | C11: 0 | D11: 0 | E11: 0 | F11: 0 | G11: 0 | H11: 0 | I11: 0 | J11: 0 | K11: 0 | L11: 0
A12: 10 | B12: Dhanuja Sri T | C12: 0 | D12: 0 | E12: 0 | F12: 0 | G12: 0 | H12: 0 | I12: 0 | J12: 0 | K12: 0 | L12: 0
A13: 11 | B13: Guhan Raj B | C13: 0 | D13: 0 | E13: 0 | F13: 0 | G13: 0 | H13: 0 | I13: 0 | J13: 0 | K13: 0 | L13: 0
A14: 12 | B14: Hamsika Srinidhi S | C14: 0 | D14: 0 | E14: 0 | F14: 0 | G14: 0 | H14: 0 | I14: 0 | J14: 0 | K14: 0 | L14: 0
... A43: 41 | B43: Mandumula Prithika | C43: 0 | D43: 0 | E43: 0 | F43: 0 | G43: 0 | H43: 0 | I43: 0 | J43: 0 | K43: 0 | L43: 0

Sheet Allotted Hours
A1: Monthly Allotted Hours from Subject Headers
A3: Month | B3: MSDC T | C3: MSDC P | D3: LDC T | E3: LDC P | F3: DA T | G3: DA P | H3: IHD T | I3: IHD P | J3: Clinical SLP | K3: Clinical Audio | L3: Monthly Total
A4: June | B4: 13.5 | C4: 1 | D4: 9 | E4: 0 | F4: 10 | G4: 0 | H4: 7 | I4: 2 | J4: 4 | K4: 6 | L4: =SUM(B4:K4) -> 52.5
A5: July | B5: 15 | C5: 2 | D5: 11 | E5: 7 | F5: 18 | G5: 2 | H5: 13 | I5: 5 | J5: 6 | K5: 5 | L5: =SUM(B5:K5) -> 84
A6: August | B6: 14 | C6: 2 | D6: 10 | E6: 6 | F6: 13.5 | G6: 2.5 | H6: 10 | I6: 4 | J6: 7 | K6: 3 | L6: =SUM(B6:K6) -> 72
A7: September | B7: 12 | C7: 1 | D7: 12 | E7: 2 | F7: 9 | G7: 6 | H7: 16 | I7: 0 | J7: 3 | K7: 2 | L7: =SUM(B7:K7) -> 63
A8: October | B8: 0 | C8: 0 | D8: 0 | E8: 0 | F8: 0 | G8: 0 | H8: 0 | I8: 0 | J8: 0 | K8: 0 | L8: =SUM(B8:K8) -> 0
A9: November | B9: 0 | C9: 0 | D9: 0 | E9: 0 | F9: 0 | G9: 0 | H9: 0 | I9: 0 | J9: 0 | K9: 0 | L9: =SUM(B9:K9) -> 0
A10: 6-Month Total | B10: =SUM(B4:B9) -> 54.5 | C10: =SUM(C4:C9) -> 6 | D10: =SUM(D4:D9) -> 42 | E10: =SUM(E4:E9) -> 15 | F10: =SUM(F4:F9) -> 50.5 | G10: =SUM(G4:G9) -> 10.5 | H10: =SUM(H4:H9) -> 46 | I10: =SUM(I4:I9) -> 11 | ... L10: =SUM(L4:L9) -> 271.5
A12: Note | B12: June subject-header components total 52.5 hours, while the June Academics header shows 53.5 hours. The report uses subject-header allotted hours as requested.
